Código - Nome,Turma,Vagas,Número créditos aula teórica,Número de créditos aula prática,Número de turmas agrupadas aula teórica,Turmas teóricas agrupadas,Número de turmas agrupadas aula prática,Turmas práticas agrupadas,Número de professores,Professor,Formato,Indicação de professor,Indicação de Horário,Ambiente,Carga Didática,Vagas Efetivas,Observações
EMB5006 - Química Tecnológica,02601,25,2,2,2,02601/02604,2,02601/02604,1,Claudimir Antonio Carminatti,2+2,Departamento,Departamento,Sala Comum,2.00,25,
EMB5006 - Química Tecnológica,01602,25,2,2,2,01602/02605,2,01602/02605,1,Claudimir Antonio Carminatti,2+2,Departamento,Departamento,Sala Comum,2.00,25,
EMB5006 - Química Tecnológica,02603,25,2,2,2,02603/02606,2,02603/02606,1,Derce de Oliveira Souza Recouvreux,2+2,Departamento,Departamento,Sala Comum,2.00,25,
EMB5006 - Química Tecnológica,02604,25,2,2,2,02601/02604,2,02601/02604,1,Claudimir Antonio Carminatti,2+2,Departamento,Departamento,Sala Comum,2.00,25,
EMB5006 - Química Tecnológica,02605,25,2,2,2,01602/02605,2,01602/02605,1,Claudimir Antonio Carminatti,2+2,Departamento,Departamento,Sala Comum,2.00,25,
EMB5006 - Química Tecnológica,02606,25,2,2,2,02603/02606,2,02603/02606,1,Derce de Oliveira Souza Recouvreux,2+2,Departamento,Departamento,Sala Comum,2.00,25,
EMB5006 - Química Tecnológica,02607,25,2,2,2,02607/02608,2,02607/02608,1,Derce de Oliveira Souza Recouvreux,2+2,Departamento,Departamento,Sala Comum,2.00,25,
EMB5006 - Química Tecnológica,02608,25,2,2,2,02607/02608,2,02607/02608,1,Derce de Oliveira Souza Recouvreux,2+2,Departamento,Departamento,Sala Comum,2.00,25,
EMB5010 - Estatística e Probabilidade,03601,20,2,2,3,03601/03605/03608,3,03601/03605/03608,1,James Schipmann Eger,2+2,Departamento,Departamento,Sala Comum,1.33,20,
EMB5010 - Estatística e Probabilidade,03602,22,2,2,2,03602/03607,2,03602/03607,1,James Schipmann Eger,2+2,Departamento,Departamento,Sala Comum,2.00,22,
EMB5010 - Estatística e Probabilidade,04603,20,2,2,3,04603/03604/03606,3,04603/03604/03606,1,Luis Fernando Peres Calil,2+2,Departamento,Departamento,Sala Comum,1.33,20,
EMB5010 - Estatística e Probabilidade,03604,20,2,2,3,04603/03604/03606,3,04603/03604/03606,1,Luis Fernando Peres Calil,2+2,Departamento,Departamento,Sala Comum,1.33,20,
EMB5010 - Estatística e Probabilidade,03605,20,2,2,3,03601/03605/03608,3,03601/03605/03608,1,James Schipmann Eger,2+2,Departamento,Departamento,Sala Comum,1.33,20,
EMB5010 - Estatística e Probabilidade,03606,20,2,2,3,04603/03604/03606,3,04603/03604/03606,1,Luis Fernando Peres Calil,2+2,Departamento,Departamento,Sala Comum,1.33,20,
EMB5010 - Estatística e Probabilidade,03607,22,2,2,2,03602/03607,2,03602/03607,1,James Schipmann Eger,2+2,Departamento,Departamento,Sala Comum,2.00,22,
EMB5010 - Estatística e Probabilidade,03608,20,2,2,3,03601/03605/03608,3,03601/03605/03608,1,James Schipmann Eger,2+2,Departamento,Departamento,Sala Comum,1.33,20,
EMB5012 - Desenho e Modelagem Geométrica,02602,22,3,,3,02602/02604/05605,3,02602/02604/05605,1,Antônio Otaviano Dourado,3,Departamento,Departamento,Laboratório Informática,1.00,22,
EMB5012 - Desenho e Modelagem Geométrica,02603,25,3,,2,02603/02606,2,02603/02606,1,Adriano Fagali de Souza,3,Departamento,Departamento,Laboratório Informática,1.50,25,
EMB5012 - Desenho e Modelagem Geométrica,02604,8,3,,3,02602/02604/05605,3,02602/02604/05605,1,Antônio Otaviano Dourado,3,Departamento,Departamento,Laboratório Informática,1.00,8,
EMB5012 - Desenho e Modelagem Geométrica,05605,20,3,,3,02602/02604/05605,3,02602/02604/05605,1,Antônio Otaviano Dourado,3,Departamento,Departamento,Laboratório Informática,1.00,20,
EMB5012 - Desenho e Modelagem Geométrica,02606,25,3,,2,02603/02606,2,02603/02606,1,Adriano Fagali de Souza,3,Departamento,Departamento,Laboratório Informática,1.50,25,
EMB5021 - Mecânica dos Sólidos I,04602,25,2,2,2,04602/04604,2,04602/04604,1,Antônio de Assis Brito Neto,2+2,Departamento,Departamento,Sala Comum,2.00,25,
EMB5021 - Mecânica dos Sólidos I,04603,25,2,2,3,04603/05605/04606,3,04603/05605/04606,1,Carlos Mauricio Sacchelli,2+2,Departamento,Departamento,Sala Comum,1.33,25,
EMB5021 - Mecânica dos Sólidos I,04604,20,2,2,2,04602/04604,2,04602/04604,1,Antônio de Assis Brito Neto,2+2,Departamento,Departamento,Sala Comum,2.00,20,
EMB5021 - Mecânica dos Sólidos I,05605,25,2,2,3,04603/05605/04606,3,04603/05605/04606,1,Carlos Mauricio Sacchelli,2+2,Departamento,Departamento,Sala Comum,1.33,25,
EMB5021 - Mecânica dos Sólidos I,04606,25,2,2,3,04603/05605/04606,3,04603/05605/04606,1,Carlos Mauricio Sacchelli,2+2,Departamento,Departamento,Sala Comum,1.33,25,
EMB5021 - Mecânica dos Sólidos I,04607,25,2,2,2,04607/04608,2,04607/04608,1,Antônio de Assis Brito Neto,2+2,Departamento,Departamento,Sala Comum,2.00,25,
EMB5021 - Mecânica dos Sólidos I,04608,25,2,2,2,04607/04608,2,04607/04608,1,Antônio de Assis Brito Neto,2+2,Departamento,Departamento,Sala Comum,2.00,25,
EMB5022 - Ciência dos Materiais,03601,20,2,2,2,03601/03605,2,03601/03605,1,Wagner Maurício Pachekoski,2+2,Departamento,Departamento,Sala Comum,2.00,20,
EMB5022 - Ciência dos Materiais,03602,20,2,2,2,03602/03606,2,03602/03606,1,Viviane Lilian Soethe,2+2,Departamento,Departamento,Sala Comum,2.00,10,
EMB5022 - Ciência dos Materiais,03603,20,2,2,2,03603/03604,2,03603/03604,1,Viviane Lilian Soethe,2+2,Departamento,Departamento,Sala Comum,2.00,20,
EMB5022 - Ciência dos Materiais,03604,20,2,2,2,03603/03604,2,03603/03604,1,Viviane Lilian Soethe,2+2,Departamento,Departamento,Sala Comum,2.00,20,
EMB5022 - Ciência dos Materiais,03605,20,2,2,2,03601/03605,2,03601/03605,1,Wagner Maurício Pachekoski,2+2,Departamento,Departamento,Sala Comum,2.00,20,
EMB5022 - Ciência dos Materiais,03606,20,2,2,2,03602/03606,2,03602/03606,1,Viviane Lilian Soethe,2+2,Departamento,Departamento,Sala Comum,2.00,10,
EMB5022 - Ciência dos Materiais,03607,20,2,2,2,03607/03608,2,03607/03608,1,Gabriel Benedet Dutra,2+2,Departamento,Departamento,Sala Comum,2.00,20,
EMB5022 - Ciência dos Materiais,03608,20,2,2,2,03607/03608,2,03607/03608,1,Gabriel Benedet Dutra,2+2,Departamento,Departamento,Sala Comum,2.00,20,
EMB5026 - Ergonomia e Segurança,04601,12,2,,2,04601/06603,2,04601/06603,1,Andréa Holz Pfutzenreuter,2,Departamento,Departamento,Sala Comum,1.00,12,
EMB5026 - Ergonomia e Segurança,06603,25,2,,2,04601/06603,2,04601/06603,1,Andréa Holz Pfutzenreuter,2,Departamento,Departamento,Sala Comum,1.00,25,
EMB5032 - Avaliação de Impactos Ambientais,04601,10,2,,3,04601/06606/07605,3,04601/06606/07605,1,Roni Matheus Severis,2,Departamento,Departamento,Sala Comum,0.67,10,
EMB5032 - Avaliação de Impactos Ambientais,09602,25,2,,2,05603/09602,2,05603/09602,1,Roni Matheus Severis,2,Departamento,Departamento,Sala Comum,1.00,25,
EMB5032 - Avaliação de Impactos Ambientais,05603,25,2,,2,05603/09602,2,05603/09602,1,Roni Matheus Severis,2,Departamento,Departamento,Sala Comum,1.00,25,
EMB5032 - Avaliação de Impactos Ambientais,07605,20,2,,3,04601/06606/07605,3,04601/06606/07605,1,Roni Matheus Severis,2,Departamento,Departamento,Sala Comum,0.67,20,
EMB5032 - Avaliação de Impactos Ambientais,06606,20,2,,3,04601/06606/07605,3,04601/06606/07605,1,Roni Matheus Severis,2,Departamento,Departamento,Sala Comum,0.67,20,
EMB5033 - Metrologia,05601,15,2,1,3,05601/04602/05604,1,05601,1,Sueli Fischer Beckert,2+1,Departamento,Departamento,Sala Comum + Laboratório Específico,1.67,15,"Para a aula prática em separado, as turmas não podem ter mais que 15 alunos, ou seja, cada turma não deve ultrapassar 15 vagas"
EMB5033 - Metrologia,04602,15,2,1,3,05601/04602/05604,1,04602,1,Sueli Fischer Beckert,2+1,Departamento,Departamento,Sala Comum + Laboratório Específico,1.00,15,Agrupamento 1 (602+601+604); Agrupamento 2 (603 + 606)
EMB5033 - Metrologia,05603,15,2,1,2,05603/05606,1,05603,1,Maurício de Campos Porath,2+1,Departamento,Departamento,Sala Comum + Laboratório Específico,2.00,15,
EMB5033 - Metrologia,05604,15,2,1,3,05601/04602/05604,1,05604,1,Sueli Fischer Beckert,2+1,Departamento,Departamento,Sala Comum + Laboratório Específico,1.00,15,
EMB5033 - Metrologia,05606,15,2,1,2,05603/05606,1,05606,1,Maurício de Campos Porath,2+1,Departamento,Departamento,Sala Comum + Laboratório Específico,1.00,15,
EMB5035 - Representação Gráfica,01601,30,3,,2,01601/01604,2,01601/01604,1,Andréa Holz Pfutzenreuter,3,Departamento,Departamento,Sala de Desenho,1.50,30,
EMB5035 - Representação Gráfica,01602,25,3,,2,01602/01605,2,01602/01605,1,Evandro Cardozo da Silva,3,Departamento,Departamento,Sala de Desenho,1.50,25,
EMB5035 - Representação Gráfica,01603,25,3,,2,01603/01606,2,01603/01606,1,Evandro Cardozo da Silva,3,Departamento,Departamento,Sala de Desenho,1.50,25,
EMB5035 - Representação Gráfica,01604,20,3,,2,01601/01604,2,01601/01604,1,Andréa Holz Pfutzenreuter,3,Departamento,Departamento,Sala de Desenho,1.50,20,
EMB5035 - Representação Gráfica,01605,25,3,,2,01602/01605,2,01602/01605,1,Evandro Cardozo da Silva,3,Departamento,Departamento,Sala de Desenho,1.50,25,
EMB5035 - Representação Gráfica,01606,25,3,,2,01603/01606,2,01603/01606,1,Evandro Cardozo da Silva,3,Departamento,Departamento,Sala de Desenho,1.50,25,
EMB5035 - Representação Gráfica,01607,25,3,,2,01607/01608,2,01607/01608,1,Evandro Cardozo da Silva,3,Departamento,Departamento,Sala de Desenho,1.50,25,
EMB5035 - Representação Gráfica,01608,25,3,,2,01607/01608,2,01607/01608,1,Evandro Cardozo da Silva,3,Departamento,Departamento,Sala de Desenho,1.50,25,
EMB5037 - Comunicação e Expressão,01601,30,2,,4,01601/01602/01604/01605,4,01601/01602/01604/01605,1,Dieysa Kanyela Fossile,2,Departamento,Departamento,Sala Comum,0.50,30,
EMB5037 - Comunicação e Expressão,01602,25,2,,4,01601/01602/01604/01605,4,01601/01602/01604/01605,1,Dieysa Kanyela Fossile,2,Departamento,Departamento,Sala Comum,0.50,25,
EMB5037 - Comunicação e Expressão,01603,25,2,,4,01603/01606/01607/01608,4,01603/01606/01607/01608,1,Dieysa Kanyela Fossile,2,Departamento,Departamento,Sala Comum,0.50,25,
EMB5037 - Comunicação e Expressão,01604,20,2,,4,01601/01602/01604/01605,4,01601/01602/01604/01605,1,Dieysa Kanyela Fossile,2,Departamento,Departamento,Sala Comum,0.50,20,
EMB5037 - Comunicação e Expressão,01605,25,2,,4,01601/01602/01604/01605,4,01601/01602/01604/01605,1,Dieysa Kanyela Fossile,2,Departamento,Departamento,Sala Comum,0.50,25,
EMB5037 - Comunicação e Expressão,01606,25,2,,4,01603/01606/01607/01608,4,01603/01606/01607/01608,1,Dieysa Kanyela Fossile,2,Departamento,Departamento,Sala Comum,0.50,25,
EMB5037 - Comunicação e Expressão,01607,25,2,,4,01603/01606/01607/01608,4,01603/01606/01607/01608,1,Dieysa Kanyela Fossile,2,Departamento,Departamento,Sala Comum,0.50,25,
EMB5037 - Comunicação e Expressão,01608,25,2,,4,01603/01606/01607/01608,4,01603/01606/01607/01608,1,Dieysa Kanyela Fossile,2,Departamento,Departamento,Sala Comum,0.50,25,
"EMB5038 - Ciência, Tecnologia e Sociedade",01601,30,2,,4,01601/01603/01604/01607,4,01601/01603/01604/01607,1,Modesto Hurtado Ferrer,2,Departamento,Departamento,Sala Comum,0.50,30,
"EMB5038 - Ciência, Tecnologia e Sociedade",01603,25,2,,4,01601/01603/01604/01607,4,01601/01603/01604/01607,1,Modesto Hurtado Ferrer,2,Departamento,Departamento,Sala Comum,0.50,25,
"EMB5038 - Ciência, Tecnologia e Sociedade",01604,20,2,,4,01601/01603/01604/01607,4,01601/01603/01604/01607,1,Modesto Hurtado Ferrer,2,Departamento,Departamento,Sala Comum,0.50,20,
"EMB5038 - Ciência, Tecnologia e Sociedade",09605,10,2,,3,02606/02608/09605,3,02606/02608/09605,1,Modesto Hurtado Ferrer,2,Departamento,Departamento,Sala Comum,0.67,10,
"EMB5038 - Ciência, Tecnologia e Sociedade",02606,30,2,,3,02606/02608/09605,3,02606/02608/09605,1,Modesto Hurtado Ferrer,2,Departamento,Departamento,Sala Comum,0.67,30,
"EMB5038 - Ciência, Tecnologia e Sociedade",01607,25,2,,4,01601/01603/01604/01607,4,01601/01603/01604/01607,1,Modesto Hurtado Ferrer,2,Departamento,Departamento,Sala Comum,0.50,25,
"EMB5038 - Ciência, Tecnologia e Sociedade",02608,25,2,,3,02606/02608/09605,3,02606/02608/09605,1,Modesto Hurtado Ferrer,2,Departamento,Departamento,Sala Comum,0.67,25,
EMB5042 - Metodologia de Projeto de Produto,04601,20,3,,4,04601/05604/06603/07608,4,04601/05604/06603/07608,1,Carlos Mauricio Sacchelli,3,Departamento,Departamento,Sala Comum,0.75,20,
EMB5042 - Metodologia de Projeto de Produto,06603,25,3,,4,04601/05604/06603/07608,4,04601/05604/06603/07608,1,Carlos Mauricio Sacchelli,3,Departamento,Departamento,Sala Comum,0.75,25,
EMB5042 - Metodologia de Projeto de Produto,05604,20,3,,4,04601/05604/06603/07608,4,04601/05604/06603/07608,1,Carlos Mauricio Sacchelli,3,Departamento,Departamento,Sala Comum,0.75,20,
EMB5042 - Metodologia de Projeto de Produto,07608,25,3,,4,04601/05604/06603/07608,4,04601/05604/06603/07608,1,Carlos Mauricio Sacchelli,3,Departamento,Departamento,Sala Comum,0.75,25,
EMB5044 - Planejamento do Trabalho de Conclusão de Curso,09602,25,2,,4,09602/08604/08605/09608,4,09602/08604/08605/09608,0,A definir,2,Departamento,Departamento,Sala Comum,0.50,0,
EMB5044 - Planejamento do Trabalho de Conclusão de Curso,08603,20,2,,2,08603/08606,2,08603/08606,0,A definir,2,Departamento,Departamento,Sala Comum,1.00,0,
EMB5044 - Planejamento do Trabalho de Conclusão de Curso,08604,15,2,,4,09602/08604/08605/09608,4,09602/08604/08605/09608,0,A definir,2,Departamento,Departamento,Sala Comum,0.50,0,
EMB5044 - Planejamento do Trabalho de Conclusão de Curso,08605,15,2,,4,09602/08604/08605/09608,4,09602/08604/08605/09608,0,A definir,2,Departamento,Departamento,Sala Comum,0.50,0,
EMB5044 - Planejamento do Trabalho de Conclusão de Curso,08606,25,2,,2,08603/08606,2,08603/08606,0,A definir,2,Departamento,Departamento,Sala Comum,1.00,0,
EMB5044 - Planejamento do Trabalho de Conclusão de Curso,08607,20,2,,1,08607,1,08607,0,A definir,2,Departamento,Departamento,Sala Comum,2.00,0,
EMB5044 - Planejamento do Trabalho de Conclusão de Curso,09608,20,2,,4,09602/08604/08605/09608,4,09602/08604/08605/09608,0,A definir,2,Departamento,Departamento,Sala Comum,0.50,0,
EMB5102 - Processo de Fabricação,07602,30,1,1,4,04604/04606/05603/07602,4,04604/04606/05603/07602,2,Modesto Hurtado Ferrer,2+2,Departamento,preencher,Sala Comum,0.50,15,
EMB5102 - Processo de Fabricação,07602,30,1,1,4,04604/04606/05603/07602,4,04604/04606/05603/07602,2,Adriano Fagali de Souza,2+2,Departamento,preencher,Sala Comum,0.50,15,
EMB5102 - Processo de Fabricação,05603,25,1,1,4,04604/04606/05603/07602,4,04604/04606/05603/07602,2,Modesto Hurtado Ferrer,2+2,Departamento,preencher,Sala Comum,0.50,12.5,
EMB5102 - Processo de Fabricação,05603,25,1,1,4,04604/04606/05603/07602,4,04604/04606/05603/07602,2,Adriano Fagali de Souza,2+2,Departamento,preencher,Sala Comum,0.50,12.5,
EMB5102 - Processo de Fabricação,04604,20,1,1,4,04604/04606/05603/07602,4,04604/04606/05603/07602,2,Modesto Hurtado Ferrer,2+2,Departamento,preencher,Sala Comum,0.50,10,
EMB5102 - Processo de Fabricação,04604,20,1,1,4,04604/04606/05603/07602,4,04604/04606/05603/07602,2,Adriano Fagali de Souza,2+2,Departamento,preencher,Sala Comum,0.50,10,
EMB5102 - Processo de Fabricação,04606,25,1,1,4,04604/04606/05603/07602,4,04604/04606/05603/07602,2,Modesto Hurtado Ferrer,2+2,Departamento,preencher,Sala Comum,0.50,12.5,
EMB5102 - Processo de Fabricação,04606,25,1,1,4,04604/04606/05603/07602,4,04604/04606/05603/07602,2,Adriano Fagali de Souza,2+2,Departamento,preencher,Sala Comum,0.50,12.5,
EMB5104 - Mecânica dos Sólidos II,05602,25,2,2,2,05602/05603,2,05602/05603,1,Marcos Alves Rabelo,2+2,Departamento,Departamento,Sala Comum,2.00,25,
EMB5104 - Mecânica dos Sólidos II,05603,25,2,2,2,05602/05603,2,05602/05603,1,Marcos Alves Rabelo,2+2,Departamento,Departamento,Sala Comum,2.00,25,
EMB5104 - Mecânica dos Sólidos II,05604,20,2,2,2,05604/05606,2,05604/05606,1,Antônio de Assis Brito Neto,2+2,Departamento,Departamento,Sala Comum,2.00,20,
EMB5104 - Mecânica dos Sólidos II,05606,25,2,2,2,05604/05606,2,05604/05606,1,Antônio de Assis Brito Neto,2+2,Departamento,Departamento,Sala Comum,2.00,25,
EMB5105 - Mecanismos,05602,25,2,,2,05602/05603,2,05602/05603,1,Lucas Weihmann,2,Departamento,Departamento,Sala Comum,1.00,25,
EMB5105 - Mecanismos,05603,25,2,,2,05602/05603,2,05602/05603,1,Lucas Weihmann,2,Departamento,Departamento,Sala Comum,1.00,25,
EMB5105 - Mecanismos,05604,10,2,,3,05604/05606/06605,3,05604/05606/06605,1,Lucas Weihmann,2,Departamento,Departamento,Sala Comum,0.67,10,
EMB5105 - Mecanismos,06605,20,2,,3,05604/05606/06605,3,05604/05606/06605,1,Lucas Weihmann,2,Departamento,Departamento,Sala Comum,0.67,20,
EMB5105 - Mecanismos,05606,20,2,,3,05604/05606/06605,3,05604/05606/06605,1,Lucas Weihmann,2,Departamento,Departamento,Sala Comum,0.67,20,
EMB5110 - Elementos de Máquinas,06602,25,2,2,4,06602/06604/06606/07603,4,06602/06604/06606/07603,1,Andrea Piga Carboni,2+2,Departamento,Departamento,Sala Comum,1.00,25,
EMB5110 - Elementos de Máquinas,07603,25,2,2,4,06602/06604/06606/07603,4,06602/06604/06606/07603,1,Andrea Piga Carboni,2+2,Departamento,Departamento,Sala Comum,1.00,25,
EMB5110 - Elementos de Máquinas,06604,10,2,2,4,06602/06604/06606/07603,4,06602/06604/06606/07603,1,Andrea Piga Carboni,2+2,Departamento,Departamento,Sala Comum,1.00,10,
EMB5110 - Elementos de Máquinas,06606,20,2,2,4,06602/06604/06606/07603,4,06602/06604/06606/07603,1,Andrea Piga Carboni,2+2,Departamento,Departamento,Sala Comum,1.00,20,
EMB5113 - Modelagem de Sistemas,05601,12,1,1,3,04605/05601/05608,3,04605/05601/05608,2,Tatiana Renata Garcia,2+2,Departamento,Departamento,Sala Comum + Laboratório Informática,0.67,6,"2 aulas em laboratório (Benjamin) e 2 aulas sala comum (Tatiana), toda semana os dois dão aula"
EMB5113 - Modelagem de Sistemas,05601,12,1,1,3,04605/05601/05608,3,04605/05601/05608,2,Benjamin Grando Moreira,2+2,Departamento,Departamento,Sala Comum + Laboratório Informática,0.67,6,"2 aulas em laboratório (Benjamin) e 2 aulas sala comum (Tatiana), toda semana os dois dão aula"
EMB5113 - Modelagem de Sistemas,04605,20,1,1,3,04605/05601/05608,3,04605/05601/05608,2,Tatiana Renata Garcia,2+2,Departamento,Departamento,Sala Comum + Laboratório Informática,0.67,10,
EMB5113 - Modelagem de Sistemas,04605,20,1,1,3,04605/05601/05608,3,04605/05601/05608,2,Benjamin Grando Moreira,2+2,Departamento,Departamento,Sala Comum + Laboratório Informática,0.67,10,
EMB5113 - Modelagem de Sistemas,05608,13,1,1,3,04605/05601/05608,3,04605/05601/05608,2,Tatiana Renata Garcia,2+2,Departamento,Departamento,Sala Comum + Laboratório Informática,0.67,6.5,
EMB5113 - Modelagem de Sistemas,05608,13,1,1,3,04605/05601/05608,3,04605/05601/05608,2,Benjamin Grando Moreira,2+2,Departamento,Departamento,Sala Comum + Laboratório Informática,0.67,6.5,
EMB5115 - Vibrações,06601,,2,2,3,06601/06603/06604,3,06601/06603/06604,1,Filipe Dutra da Silva,2+2,Departamento,Departamento,Sala Comum,1.33,0,
EMB5115 - Vibrações,06602,25,2,2,2,06602/06606,2,06602/06606,1,Filipe Dutra da Silva,2+2,Departamento,Departamento,Sala Comum,2.00,25,
EMB5115 - Vibrações,06603,30,2,2,3,06601/06603/06604,3,06601/06603/06604,1,Filipe Dutra da Silva,2+2,Departamento,Departamento,Sala Comum,1.33,30,
EMB5115 - Vibrações,06604,20,2,2,3,06601/06603/06604,3,06601/06603/06604,1,Filipe Dutra da Silva,2+2,Departamento,Departamento,Sala Comum,1.33,20,
EMB5115 - Vibrações,06606,25,2,2,2,06602/06606,2,06602/06606,1,Filipe Dutra da Silva,2+2,Departamento,Departamento,Sala Comum,2.00,25,
EMB5115 - Vibrações,06603G,60,2,2,1,06603G,1,06603G,1,Sérgio Junichi Idehara,2+2,Departamento,Departamento,Sala Comum,4.00,60,
EMB5320 - Empreendedorismo e Inovação,06601,15,2,,2,06601/07608,2,06601/07608,1,Cristiano Vasconcellos Ferreira,2,Departamento,Departamento,Sala Comum,1.00,15,
EMB5320 - Empreendedorismo e Inovação,09603,25,2,,2,09603/09604,2,09603/09604,1,Elisete Santos da Silva Zagheni,2,Departamento,Departamento,Sala Comum,1.00,25,
EMB5320 - Empreendedorismo e Inovação,09604,15,2,,2,09603/09604,2,09603/09604,1,Elisete Santos da Silva Zagheni,2,Departamento,Departamento,Sala Comum,1.00,15,
EMB5320 - Empreendedorismo e Inovação,07608,25,2,,2,06601/07608,2,06601/07608,1,Cristiano Vasconcellos Ferreira,2,Departamento,Departamento,Sala Comum,1.00,25,
EMB5961 - Engenharia Econômica,05601,15,3,,2,05601/06608,2,05601/06608,1,Pedro Paulo de Andrade Júnior,3,Departamento,Departamento,Sala Comum,1.50,15,
EMB5961 - Engenharia Econômica,09602,15,3,,3,09602/09606/08607,3,09602/09606/08607,1,Victor Simões Barbosa,3,Departamento,Departamento,Sala Comum,1.00,15,
EMB5961 - Engenharia Econômica,08603,15,3,,3,08603/08604/08605,3,08603/08604/08605,1,Cristiano Vasconcellos Ferreira,3,Departamento,Departamento,Sala Comum,1.00,15,
EMB5961 - Engenharia Econômica,08604,15,3,,3,08603/08604/08605,3,08603/08604/08605,1,Cristiano Vasconcellos Ferreira,3,Departamento,Departamento,Sala Comum,1.00,15,
EMB5961 - Engenharia Econômica,08605,15,3,,3,08603/08604/08605,3,08603/08604/08605,1,Cristiano Vasconcellos Ferreira,3,Departamento,Departamento,Sala Comum,1.00,15,
EMB5961 - Engenharia Econômica,09606,15,3,,3,09602/09606/08607,3,09602/09606/08607,1,Victor Simões Barbosa,3,Departamento,Departamento,Sala Comum,1.00,15,
EMB5961 - Engenharia Econômica,08607,15,3,,3,09602/09606/08607,3,09602/09606/08607,1,Victor Simões Barbosa,3,Departamento,Departamento,Sala Comum,1.00,15,
EMB5961 - Engenharia Econômica,06608,15,3,,2,05601/06608,2,05601/06608,1,Pedro Paulo de Andrade Júnior,3,Departamento,Departamento,Sala Comum,1.50,15,
EMB5045 - Trabalho de Conclusão de Curso,09608,,,,1,09608,1,09608,0,A definir,,Coord. Transporte e Logística,preencher,,0.00,0,
EMB5046 - Estágio Curricular Obrigatório,10608,,,,1,10608,1,10608,0,A definir,,Coord. Transporte e Logística,preencher,,0.00,0,
EMB5120 - Gestão e Organização,05601,18,2,2,4,03607/05601/07603/05608,4,03607/05601/07603/05608,1,Janaina Renata Garcia,2+2,Coord. Transporte e Logística,Departamento,Sala Comum,1.00,18,
EMB5120 - Gestão e Organização,09602,15,2,2,4,07604/05606/09602/09605,4,07604/05606/09602/09605,1,Janaina Renata Garcia,2+2,Coord. Transporte e Logística,Departamento,Sala Comum,1.00,15,
EMB5120 - Gestão e Organização,07603,20,2,2,4,03607/05601/07603/05608,4,03607/05601/07603/05608,1,Janaina Renata Garcia,2+2,Coord. Transporte e Logística,Departamento,Sala Comum,1.00,20,
EMB5120 - Gestão e Organização,07604,15,2,2,4,07604/05606/09602/09605,4,07604/05606/09602/09605,1,Janaina Renata Garcia,2+2,Coord. Transporte e Logística,Departamento,Sala Comum,1.00,15,
EMB5120 - Gestão e Organização,09605,15,2,2,4,07604/05606/09602/09605,4,07604/05606/09602/09605,1,Janaina Renata Garcia,2+2,Coord. Transporte e Logística,Departamento,Sala Comum,1.00,15,
EMB5120 - Gestão e Organização,05606,15,2,2,4,07604/05606/09602/09605,4,07604/05606/09602/09605,1,Janaina Renata Garcia,2+2,Coord. Transporte e Logística,Departamento,Sala Comum,1.00,15,
EMB5120 - Gestão e Organização,03607,20,2,2,4,03607/05601/07603/05608,4,03607/05601/07603/05608,1,Janaina Renata Garcia,2+2,Coord. Transporte e Logística,Departamento,Sala Comum,1.00,20,
EMB5120 - Gestão e Organização,05608,20,2,2,4,03607/05601/07603/05608,4,03607/05601/07603/05608,1,Janaina Renata Garcia,2+2,Coord. Transporte e Logística,Departamento,Sala Comum,1.00,20,
EMB5204 - Sistemas de Transportes,04608,25,2,2,1,04608,1,04608,1,Elisete Santos da Silva Zagheni,2+2,Coord. Transporte e Logística,Coord. Transporte e Logística,Sala Comum,4.00,25,
EMB5215 - Logística I,06601,15,2,,2,06601/06608,2,06601/06608,1,Vanina Macowski Durski Silva,2,Coord. Transporte e Logística,Coord. Transporte e Logística,Sala Comum,1.00,15,
EMB5215 - Logística I,06608,25,2,,2,06601/06608,2,06601/06608,1,Vanina Macowski Durski Silva,2,Coord. Transporte e Logística,Coord. Transporte e Logística,Sala Comum,1.00,25,
EMB5908 - Roteirização e Programação em Transportes,09608,25,2,2,1,09608,1,09608,1,Vanina Macowski Durski Silva,2+2,Coord. Transporte e Logística,Coord. Transporte e Logística,Sala Comum,4.00,25,
EMB5909 - Equilíbrio em Redes de Transporte,08608,25,2,2,1,08608,1,08608,1,Helry Luvillany Fontenele Dias,2+2,Coord. Transporte e Logística,Coord. Transporte e Logística,Sala Comum + Laboratório Informática,4.00,25,
EMB5911 - Demanda de Transportes,06608,25,2,2,1,06608,1,06608,1,Simone Becker Lopes,2+2,Coord. Transporte e Logística,Coord. Transporte e Logística,Laboratório Informática,4.00,25,
EMB5916 - Planejamento de Transportes Públicos,07608,25,2,2,1,07608,1,07608,1,Francielly Hedler Staudt,2+2,Coord. Transporte e Logística,Coord. Transporte e Logística,Sala Comum + Laboratório Informática,4.00,25,
EMB5917 - Economia dos Transportes,08608,25,2,2,1,08608,1,08608,1,Pedro Paulo de Andrade Júnior,2+2,Coord. Transporte e Logística,Coord. Transporte e Logística,Sala Comum,4.00,25,
EMB5923 - Projeto e Operação de Terminais,06608,25,2,2,1,06608,1,06608,1,Renata Cavion,2+2,Coord. Transporte e Logística,Coord. Transporte e Logística,Sala Comum,4.00,25,
EMB5924 - Introdução à Engenharia de Transporte e Logística,01608,25,2,,1,01608,1,01608,1,Cristiano Vasconcellos Ferreira,2,Coord. Transporte e Logística,Coord. Transporte e Logística,Sala Comum,2.00,25,
EMB5927 - Engenharia de Tráfego I,05607,25,2,,2,05607/06608,2,05607/06608,1,Christiane Wenck Nogueira Fernandes,2,Coord. Transporte e Logística,Coord. Transporte e Logística,Sala Comum,1.00,25,
EMB5927 - Engenharia de Tráfego I,06608,25,2,,2,05607/06608,2,05607/06608,1,Christiane Wenck Nogueira Fernandes,2,Coord. Transporte e Logística,Coord. Transporte e Logística,Sala Comum,1.00,25,
EMB5931 - Gestão de Custos em Transportes,07608,25,3,,1,07608,1,07608,1,Pedro Paulo de Andrade Júnior,3,Coord. Transporte e Logística,Coord. Transporte e Logística,Sala Comum,3.00,25,
EMB5932 - Logística II,07608,25,2,2,1,07608,1,07608,1,Francielly Hedler Staudt,2+2,Coord. Transporte e Logística,Coord. Transporte e Logística,Sala Comum,4.00,25,
EMB5933 - Sistema de Informaçoes Geográficas para Transporte,07608,25,3,,1,07608,1,07608,1,Simone Becker Lopes,3,Coord. Transporte e Logística,Coord. Transporte e Logística,Laboratório Informática,3.00,25,
EMB5935 - Simulação em Transportes,09608,25,3,,1,09608,1,09608,1,Helry Luvillany Fontenele Dias,3,Coord. Transporte e Logística,Coord. Transporte e Logística,Laboratório Informática,3.00,25,
EMB5936 - Engenharia de Tráfego II,07608,25,3,,1,07608,1,07608,1,Helry Luvillany Fontenele Dias,3,Coord. Transporte e Logística,Coord. Transporte e Logística,Sala Comum,3.00,25,
EMB5937 - Impactos Ambientais dos Transportes,09604,15,2,,2,05608/09604,2,05608/09604,1,Roni Matheus Severis,2,Coord. Transporte e Logística,Coord. Transporte e Logística,Sala Comum,1.00,15,
EMB5937 - Impactos Ambientais dos Transportes,05608,25,2,,2,05608/09604,2,05608/09604,1,Roni Matheus Severis,2,Coord. Transporte e Logística,Coord. Transporte e Logística,Sala Comum,1.00,25,
EMB5938 - Grafos e Redes,05608,25,3,,1,05608,1,05608,1,Pablo Andretta Jaskowiak,3,Coord. Transporte e Logística,Coord. Transporte e Logística,Sala Comum,3.00,25,
EMB5940 - Processos Estocásticos,08608,25,2,2,1,08608,1,08608,1,Christiane Wenck Nogueira Fernandes,2+2,Coord. Transporte e Logística,Coord. Transporte e Logística,Laboratório Informática,4.00,25,
EMB5941 - Planejamento Integrado de Transportes e Uso do Solo,08608,25,2,2,1,08608,1,08608,1,Simone Becker Lopes,2+2,Coord. Transporte e Logística,Coord. Transporte e Logística,Laboratório Informática,4.00,25,
EMB5950 - Pesquisa Operacional I,04608,25,2,2,1,04608,1,04608,1,Christiane Wenck Nogueira Fernandes,2+2,Coord. Transporte e Logística,Departamento,Laboratório Informática,4.00,25,
EMB5951 - Pesquisa Operacional II,05608,25,2,2,1,05608,1,05608,1,Silvia Lopes de Sena Taglialenha,2+2,Coord. Transporte e Logística,Coord. Transporte e Logística,Laboratório Informática,4.00,25,
EMB5952 - Pesquisa Operacional III,06608,25,2,2,1,06608,1,06608,1,Silvia Lopes de Sena Taglialenha,2+2,Coord. Transporte e Logística,Coord. Transporte e Logística,Laboratório Informática,4.00,25,
EMB5962 - Planejamento Estratégico,09608,35,3,,1,09608,1,09608,1,Janaina Renata Garcia,3,Coord. Transporte e Logística,Coord. Transporte e Logística,Sala Comum,3.00,35,
EMB5046 - Estágio Curricular Obrigatório,10606,25,,,1,10606,1,10606,0,A definir,,Coord. Naval,Coord. Naval,,0.00,0,
EMB5107 - Manutenção e Confiabilidade,04602,20,2,,3,04602/04606/06603,3,04602/04606/06603,1,Maurício de Campos Porath,2,Coord. Naval,Departamento,Sala Comum,0.67,20,
EMB5107 - Manutenção e Confiabilidade,04606,15,2,,3,04602/04606/06603,3,04602/04606/06603,1,Maurício de Campos Porath,2,Coord. Naval,Departamento,Sala Comum,0.67,15,
EMB5117 - Introdução ao Método de Elementos Finitos,07603,25,2,2,2,07603/08606,2,07603/08606,1,Vitor Takashi Endo,2+2,Coord. Naval,preencher,Sala Comum + Laboratório Informática,2.00,25,
EMB5117 - Introdução ao Método de Elementos Finitos,08606,20,2,2,2,07603/08606,2,07603/08606,1,Vitor Takashi Endo,2+2,Coord. Naval,preencher,Sala Comum + Laboratório Informática,2.00,20,
EMB5707 - Máquinas Marítimas,07606,25,2,2,1,07606,1,07606,1,Jorge Luiz Goes Oliveira,2+2,Coord. Naval,Coord. Naval,Sala Comum,4.00,25,
EMB5710 - Hidrodinâmica Aplicada I,06606,30,2,2,1,06606,1,06606,1,Lucas Weihmann,2+2,Coord. Naval,Coord. Naval,Sala Comum,4.00,30,
EMB5714 - Projetos de Navio II,08606,25,2,2,1,08606,1,08606,1,Thiago Pontin Tancredi,2+2,Coord. Naval,Coord. Naval,Sala Comum,4.00,25,
EMB5715 - Projeto de Embarcações Especiais,09606,20,2,2,1,09606,1,09606,1,Ricardo Aurélio Quinhões Pinto,2+2,Coord. Naval,Coord. Naval,Sala Comum + Laboratório Informática,4.00,20,
EMB5716 - Hidrodinâmica Aplicada II,07606,35,2,2,1,07606,1,07606,1,André Luís Condino Fujarra,2+2,Coord. Naval,Coord. Naval,Sala Comum,4.00,35,
EMB5717 - Processo de Construção Naval,08606,25,3,,1,08606,1,08606,1,Ricardo Aurélio Quinhões Pinto,3,Coord. Naval,Coord. Naval,Sala Comum,3.00,25,
EMB5724 - Processos de Soldagem para Engenharia Naval,07606,25,2,2,1,07606,1,07606,1,Tiago Vieira da Cunha,2+2,Coord. Naval,Coord. Naval,Sala Comum + Laboratório Específico,4.00,25,
EMB5731 - Introdução à Engenharia Naval,01606,35,2,,1,01606,1,01606,1,Luis Fernando Peres Calil,2,Coord. Naval,Coord. Naval,Sala Comum,2.00,35,
EMB5732 - Laboratório de Engenharia Naval,02606,35,2,,1,02606,1,02606,1,André Luís Condino Fujarra,2,Coord. Naval,Coord. Naval,Sala Comum,2.00,35,
EMB5733 - Arquitetura Naval I,05606,45,2,2,1,05606,1,05606,1,Vitor Takashi Endo,2+2,Coord. Naval,Coord. Naval,Sala Comum + Laboratório Informática,4.00,45,
EMB5734 - Arquitetura Naval II,06606,30,3,,1,06606,1,06606,1,André Luís Condino Fujarra,3,Coord. Naval,Coord. Naval,Sala Comum,3.00,30,
EMB5735 - Projeto de Navio I,07606,25,2,2,1,07606,1,07606,1,Ricardo Aurélio Quinhões Pinto,2+2,Coord. Naval,Coord. Naval,Sala Comum + Laboratório Informática,4.00,25,
EMB5742 - Materiais Metálicos para Construção Naval,10606,25,2,,1,10606,1,10606,1,Viviane Lilian Soethe,2,Coord. Naval,Coord. Naval,Sala Comum,2.00,25,
EMB5763 - Sistemas Eletroeletrônicos a Bordo,06606,35,3,,1,06606,1,06606,1,Aluísio do Nascimento Wrasse,3,Coord. Naval,Coord. Naval,Sala Comum,3.00,35,
EMB5764 - Estruturas Navais II,08606,25,1,1,1,08606,1,08606,2,Thiago Pontin Tancredi,2+2,Coord. Naval,Coord. Naval,Sala Comum + Laboratório Informática,2.00,12.5,
EMB5764 - Estruturas Navais II,08606,25,1,1,1,08606,1,08606,2,Vitor Takashi Endo,2+2,Coord. Naval,Coord. Naval,Sala Comum + Laboratório Informática,2.00,12.5,
EMB5765 - Estruturas Navais I,07606,25,2,2,1,07606,1,07606,1,Thiago Pontin Tancredi,2+2,Coord. Naval,Coord. Naval,Sala Comum,4.00,25,
EMB5772 - Materiais de Construção Naval,07606,30,1,1,1,07606,1,07606,2,Gabriel Benedet Dutra,2+2,Coord. Naval,Coord. Naval,Sala Comum,2.00,15,
EMB5772 - Materiais de Construção Naval,07606,30,1,1,1,07606,1,07606,2,Viviane Lilian Soethe,2+2,Coord. Naval,Coord. Naval,Sala Comum,2.00,15,
EMB5791 - Trabalho de Conclusão de Curso,09606,50,,,1,09606,1,09606,1,Luis Fernando Peres Calil,,Coord. Naval,Coord. Naval,,0.00,50,
EMB5045 - Trabalho de Conclusão de Curso,09605,25,,,1,09605,1,09605,1,Aline Durrer Patelli Juliani,,Coord. Mecatrônica,Coord. Mecatrônica,,0.00,25,
EMB5046 - Estágio Curricular Obrigatório,10605,25,,,1,10605,1,10605,1,Milton Evangelista de Oliveira Filho,,Coord. Mecatrônica,Coord. Mecatrônica,,0.00,25,
EMB5096 - Intercâmbio III,02605,,,,1,02605,1,02605,0,A definir,,Coord. BCT,Coord. BCT,,0.00,0,
EMB5108 - Circuitos Elétricos,05602,25,2,2,2,05602/05604,1,05602,1,Moises Ferber de Vieira Lessa,2+2,Coord. Mecatrônica,Departamento,Sala Comum,3.00,25,
EMB5108 - Circuitos Elétricos,04603,20,2,2,2,04603/04605,1,04603,1,Aline Durrer Patelli Juliani,2+2,Coord. Mecatrônica,Departamento,Sala Comum,3.00,20,
EMB5108 - Circuitos Elétricos,05604,15,2,2,2,05602/05604,1,05604,1,Moises Ferber de Vieira Lessa,2+2,Coord. Mecatrônica,Departamento,Sala Comum,2.00,15,
EMB5108 - Circuitos Elétricos,04605,20,2,2,2,04603/04605,1,04605,1,Aline Durrer Patelli Juliani,2+2,Coord. Mecatrônica,Departamento,Sala Comum,2.00,20,
EMB5111 - Introdução ao Controle,07604,25,2,2,1,07604,1,07604,1,Felipe Joel Zimann,2+2,Coord. Mecatrônica,Departamento,Sala Comum,4.00,25,
EMB5116 - Eletrônica Analógica,06602,25,2,2,2,06602/06604,2,06602/06604,1,Milton Evangelista de Oliveira Filho,2+2,Coord. Mecatrônica,Departamento,Sala Comum,2.00,25,
EMB5116 - Eletrônica Analógica,06604,10,2,2,2,06602/06604,2,06602/06604,1,Milton Evangelista de Oliveira Filho,2+2,Coord. Mecatrônica,Departamento,Sala Comum,2.00,10,
EMB5116 - Eletrônica Analógica,05605,30,2,2,1,05605,1,05605,1,Aluísio do Nascimento Wrasse,2+2,Coord. Mecatrônica,Departamento,Sala Comum,4.00,30,
EMB5600 - Programação I,01601,30,2,2,2,01601/01605,2,01601/01605,1,Tatiana Renata Garcia,2+2,Coord. Mecatrônica,Departamento,Sala Comum + Laboratório Informática,2.00,30,
EMB5600 - Programação I,02602,25,2,2,4,02602/02603/02604/02607,2,02602/02603,1,Benjamin Grando Moreira,2+2,Coord. Mecatrônica,Departamento,Sala Comum + Laboratório Informática,1.50,25,
EMB5600 - Programação I,02603,25,2,2,4,02602/02603/02604/02607,2,02602/02603,1,Benjamin Grando Moreira,2+2,Coord. Mecatrônica,Departamento,Sala Comum + Laboratório Informática,1.50,25,
EMB5600 - Programação I,02604,20,2,2,4,02602/02603/02604/02607,2,02604/02607,1,Benjamin Grando Moreira,2+2,Coord. Mecatrônica,Departamento,Sala Comum + Laboratório Informática,1.00,20,
EMB5600 - Programação I,01605,25,2,2,2,01601/01605,2,01601/01605,1,Tatiana Renata Garcia,2+2,Coord. Mecatrônica,Departamento,Sala Comum + Laboratório Informática,2.00,25,
EMB5600 - Programação I,01606,25,2,2,2,01606/01608,2,01606/01608,1,Felipe Joel Zimann,2+2,Coord. Mecatrônica,Departamento,Sala Comum + Laboratório Informática,2.00,25,Confirmar se fica com o Felipe ou o substituto que será contratado
EMB5600 - Programação I,02607,25,2,2,4,02602/02603/02604/02607,2,02604/02607,1,Benjamin Grando Moreira,2+2,Coord. Mecatrônica,Departamento,Sala Comum + Laboratório Informática,1.00,25,
EMB5600 - Programação I,01608,25,2,2,2,01606/01608,2,01606/01608,1,Felipe Joel Zimann,2+2,Coord. Mecatrônica,Departamento,Sala Comum + Laboratório Informática,2.00,25,
EMB5602 - Controle Digital,07605,25,3,,1,07605,1,07605,1,Alexandro Garro Brito,3,Coord. Mecatrônica,Coord. Mecatrônica,Sala Comum,3.00,25,
EMB5604 - Instrumentação,07605,25,2,2,1,07605,1,07605,1,Aluísio do Nascimento Wrasse,2+2,Coord. Mecatrônica,Coord. Mecatrônica,Sala Comum,4.00,25,
EMB5609 - Sistemas de Comunicação,06605,25,2,2,1,06605,1,06605,1,Wyllian Bezerra da Silva,2+2,Coord. Mecatrônica,Coord. Mecatrônica,Sala Comum,4.00,25,
EMB5615 - Robótica e Sistemas Mecatrônicos,09605,25,2,2,1,09605,1,09605,1,Roberto Simoni,2+2,Coord. Mecatrônica,Coord. Mecatrônica,Sala Comum,4.00,25,
EMB5617 - Sistemas Inteligentes,07605,25,2,2,1,07605,1,07605,1,Benjamin Grando Moreira,2+2,Coord. Mecatrônica,Coord. Mecatrônica,Laboratório Informática,4.00,25,
EMB5626 - Circuitos Digitais,07602,35,2,2,1,07602,1,07602,1,Felipe Joel Zimann,2+2,Coord. Mecatrônica,Departamento,Sala Comum,4.00,35,
EMB5626 - Circuitos Digitais,02605,30,2,2,1,02605,1,02605,1,Anderson Wedderhoff Spengler,2+2,Coord. Mecatrônica,Departamento,Sala Comum,4.00,30,
EMB5627 - Sistemas Motrizes I,06605,25,2,2,1,06605,1,06605,1,Felipe Joel Zimann,2+2,Coord. Mecatrônica,Departamento,Sala Comum,4.00,25,
EMB5628 - Sistemas Motrizes II,07605,25,3,,1,07605,1,07605,1,Aline Durrer Patelli Juliani,3,Coord. Mecatrônica,Departamento,Sala Comum,3.00,25,
EMB5630 - Programação II,02601,17,3,,2,02601/02608,2,02601/02608,1,Pablo Andretta Jaskowiak,3,Coord. Mecatrônica,Departamento,Laboratório Informática,1.50,17,
EMB5630 - Programação II,99602,,3,,1,99602,1,99602,0,A definir,3,Coord. Mecatrônica,Departamento,Laboratório Informática,3.00,0,Não será ofertada esta turma
EMB5630 - Programação II,02605,30,3,,1,02605,1,02605,1,Pablo Andretta Jaskowiak,3,Coord. Mecatrônica,Departamento,Laboratório Informática,3.00,30,
EMB5630 - Programação II,02608,17,3,,2,02601/02608,2,02601/02608,1,Pablo Andretta Jaskowiak,3,Coord. Mecatrônica,Departamento,Laboratório Informática,1.50,17,
EMB5631 - Programação III,03601,15,3,,2,03601/03608,2,03601/03608,1,Gian Ricardo Berkenbrock,3,Coord. Mecatrônica,Departamento,Laboratório Informática,1.50,15,
EMB5631 - Programação III,03605,30,3,,1,03605,1,03605,1,Gian Ricardo Berkenbrock,3,Coord. Mecatrônica,Departamento,Laboratório Informática,3.00,30,
EMB5631 - Programação III,03608,19,3,,2,03601/03608,2,03601/03608,1,Gian Ricardo Berkenbrock,3,Coord. Mecatrônica,Departamento,Laboratório Informática,1.50,19,
EMB5632 - Sistemas Operacionais,05605,25,3,,1,05605,1,05605,1,A definir,3,Coord. Mecatrônica,Departamento,Laboratório Informática,3.00,25,
EMB5633 - Sistemas de Tempo Real,06605,25,3,,1,06605,1,06605,1,A definir,3,Coord. Mecatrônica,Coord. Mecatrônica,Laboratório Informática,3.00,25,
EMB5634 - Redes de Comunicação de Dados,07605,25,2,2,1,07605,1,07605,1,Wyllian Bezerra da Silva,2+2,Coord. Mecatrônica,Coord. Mecatrônica,Sala Comum,4.00,25,
EMB5635 - Informática Industrial,08605,25,3,,1,08605,1,08605,1,Gian Ricardo Berkenbrock,3,Coord. Mecatrônica,Coord. Mecatrônica,Laboratório Informática,3.00,25,Precisa do lab da sala 212
EMB5636 - Projeto Integrador I,06605,25,2,,1,06605,1,06605,1,Wyllian Bezerra da Silva,2,Coord. Mecatrônica,Coord. Mecatrônica,Sala Comum,2.00,25,
EMB5637 - Projeto Integrador II,08605,25,2,,1,08605,1,08605,1,A definir,2,Coord. Mecatrônica,Coord. Mecatrônica,Sala Comum,2.00,25,
EMB5640 - Sinais e Sistemas,05603,20,2,2,2,05603/05605,2,05603/05605,1,Milton Evangelista de Oliveira Filho,2+2,Coord. Mecatrônica,Departamento,Sala Comum,2.00,20,
EMB5640 - Sinais e Sistemas,05605,25,2,2,2,05603/05605,2,05603/05605,1,Milton Evangelista de Oliveira Filho,2+2,Coord. Mecatrônica,Departamento,Sala Comum,2.00,25,
EMB5641 - Sistema de Controle,06605,35,2,2,1,06605,1,06605,1,Alexandro Garro Brito,2+2,Coord. Mecatrônica,Coord. Mecatrônica,Sala Comum,4.00,35,
EMB5642 - Microcontroladores,04605,25,3,,1,04605,1,04605,1,Anderson Wedderhoff Spengler,3,Coord. Mecatrônica,Departamento,Laboratório Informática,3.00,25,
EMB5643 - Eletricidade Aplicada,05606,20,2,,2,05606/05608,2,05606/05608,1,Aluísio do Nascimento Wrasse,2,Coord. Mecatrônica,Departamento,Sala Comum,1.00,20,
EMB5643 - Eletricidade Aplicada,05608,20,2,,2,05606/05608,2,05606/05608,1,Aluísio do Nascimento Wrasse,2,Coord. Mecatrônica,Departamento,Sala Comum,1.00,20,
EMB5645 - Processamento Digital de Sinais,06605,40,3,,1,06605,1,06605,1,Alexandro Garro Brito,2+2,Coord. Mecatrônica,Coord. Mecatrônica,Sala Comum,3.00,40,
EMB5650 - Trabalho De Conclusão de Curso,09605,9,,,1,09605,1,09605,1,Aline Durrer Patelli Juliani,,Coord. Mecatrônica,preencher,,0.00,9,
EMB5655 - Eletrônica de Potência,07605,25,2,2,1,07605,1,07605,1,Hugo Rolando Estofanero Larico,2+2,Coord. Mecatrônica,preencher,Sala Comum,4.00,25,
EMB5656 - Acionamentos Elétricos,08605,25,2,2,1,08605,1,08605,1,Hugo Rolando Estofanero Larico,2+2,Coord. Mecatrônica,preencher,Sala Comum,4.00,25,
EMB5683 - Introdução à Engenharia Mecatrônica,01605,25,2,,1,01605,1,01605,1,Milton Evangelista de Oliveira Filho,2,Coord. Mecatrônica,Departamento,Laboratório Informática,2.00,25,
EMB5695 - Dispositivos Lógicos Programáveis,08605,25,3,,1,08605,1,08605,1,Anderson Wedderhoff Spengler,3,Coord. Mecatrônica,Coord. Mecatrônica,Laboratório Informática,3.00,25,Precisa ser alocado no lab da sala 203
EMB5045 - Trabalho de Conclusão de Curso,09607,20,,,1,09607,1,09607,1,Anelize Borges Monteiro,,Coord. Infraestrutura,preencher,,0.00,20,
EMB5046 - Estágio Curricular Obrigatório,10607,20,,,1,10607,1,10607,1,Helena Paula Nierwinski,,Coord. Infraestrutura,preencher,,0.00,20,
EMB5825 - Topografia I,03607,25,2,1,1,03607,1,03607,1,Julián Asdrubal Buriticá García,3,Coord. Infraestrutura,Departamento,Sala Comum + Campo,3.00,25,
EMB5829 - Topografia II,04607,25,2,1,1,04607,1,04607,1,Yader Alfonso Guerrero Pérez,3,Coord. Infraestrutura,Departamento,Sala Comum + Campo,3.00,25,
EMB5832 - Introdução à Engenharia Civil de Infraestrutura,01607,30,1,0,1,01607,1,01607,2,Valéria Bennack,2,Coord. Infraestrutura,preencher,Sala Comum,1.00,15,
EMB5832 - Introdução à Engenharia Civil de Infraestrutura,01607,30,1,0,1,01607,1,01607,2,Anelize Borges Monteiro,2,Coord. Infraestrutura,preencher,Sala Comum,1.00,15,
EMB5833 - Desenho Técnico Aplicado à Infraestrutura,02607,25,1,3,1,02607,1,02607,1,Andréa Holz Pfutzenreuter,3,Coord. Infraestrutura,Departamento,Laboratório Informática,4.00,25,
EMB5834 - Geologia de Engenharia,05607,25,2,1,1,05607,1,05607,1,Julián Asdrubal Buriticá García,3,Coord. Infraestrutura,preencher,Sala Comum,3.00,25,
EMB5835 - Materiais de Construção I,05607,25,2,1,1,05607,1,05607,1,Luciano Senff,3,Coord. Infraestrutura,Coord. Infraestrutura,Sala Comum + Laboratório Específico,3.00,25,
EMB5836 - Estudos de Impactos Ambientais,05607,25,1,1,1,05607,1,05607,1,Roni Matheus Severis,2,Coord. Infraestrutura,Coord. Infraestrutura,Sala Comum,2.00,25,
EMB5837 - Projeto Arquitetônico,05607,25,1,2,1,05607,1,05607,1,Renata Cavion,3,Coord. Infraestrutura,preencher,Laboratório Informática,3.00,25,
EMB5838 - Hidráulica Geral,05607,25,2,2,1,05607,1,05607,1,Simone Malutta,2+2,Coord. Infraestrutura,Coord. Infraestrutura,Sala Comum,4.00,25,
EMB5839 - Mecânica dos Sólidos II,05607,25,2,2,1,05607,1,05607,1,Luciano Senff,2+2,Coord. Infraestrutura,Coord. Infraestrutura,Sala Comum,4.00,25,
EMB5840 - Custos e Orçamentação,06607,25,2,1,1,06607,1,06607,1,Daniel Hastenpflug,3,Coord. Infraestrutura,Coord. Infraestrutura,Sala Comum,3.00,25,
EMB5841 - Projeto Geométrico de Vias,06607,25,2,2,1,06607,1,06607,1,Breno Salgado Barra,2+2,Coord. Infraestrutura,Coord. Infraestrutura,Sala Comum,4.00,25,
EMB5842 - Teoria das Estruturas,06607,25,1,1,1,06607,1,06607,2,Luciano Senff,2+2,Coord. Infraestrutura,Coord. Infraestrutura,Sala Comum,2.00,12.5,
EMB5842 - Teoria das Estruturas,06607,25,1,1,1,06607,1,06607,2,Anelize Borges Monteiro,2+2,Coord. Infraestrutura,Coord. Infraestrutura,Sala Comum,2.00,12.5,
EMB5843 - Hidrologia Aplicada,08607,25,2,2,1,08607,1,08607,1,Simone Malutta,2+2,Coord. Infraestrutura,Coord. Infraestrutura,Sala Comum,4.00,25,
EMB5844 - Mecânica dos Solos I,06607,25,2,2,1,06607,1,06607,1,Helena Paula Nierwinski,2+2,Coord. Infraestrutura,Coord. Infraestrutura,Sala Comum,4.00,25,
EMB5845 - Materiais de Construção II,06607,25,2,1,1,06607,1,06607,1,Daniel Hastenpflug,3,Coord. Infraestrutura,Coord. Infraestrutura,Sala Comum + Laboratório específico,3.00,25,
EMB5846 - Gerenciamento de Obras,07607,25,2,2,1,07607,1,07607,1,Daniel Hastenpflug,2+2,Coord. Infraestrutura,preencher,Sala Comum,4.00,25,
EMB5847 - Estruturas de Concreto Armado I,07607,25,2,2,1,07607,1,07607,1,Anelize Borges Monteiro,2+2,Coord. Infraestrutura,preencher,Sala Comum,4.00,25,
EMB5848 - Técnicas de Construção Civil,07607,25,1,1,1,07607,1,07607,1,Daniel Hastenpflug,2,Coord. Infraestrutura,Coord. Infraestrutura,Sala Comum + Laboratório Específico,2.00,25,
EMB5849 - Instalaçoes Elétricas,07607,25,2,1,1,07607,1,07607,1,Xisto Lucas Travassos Junior,3,Coord. Infraestrutura,preencher,Sala Comum,3.00,25,
EMB5850 - Instalações Hidráulicas Prediais,07607,25,2,1,1,07607,1,07607,1,Diego Antônio Custódio,3,Coord. Infraestrutura,preencher,Sala Comum,3.00,25,
EMB5851 - Mecânica dos Solos II,07607,25,2,2,1,07607,1,07607,1,Marcelo Heidemann,2+2,Coord. Infraestrutura,preencher,Sala Comum,4.00,25,
EMB5852 - Elementos e Técnicas de Infraestrutura,07607,25,2,2,1,07607,1,07607,1,Julián Asdrubal Buriticá García,2+2,Coord. Infraestrutura,preencher,Sala Comum,4.00,25,
EMB5853 - Saneamento,08607,25,2,2,1,08607,1,08607,1,Simone Malutta,2+2,Coord. Infraestrutura,Coord. Infraestrutura,Sala Comum,4.00,25,
EMB5854 - Estrutura de Concreto Armado II,08607,25,2,2,1,08607,1,08607,1,Valéria Bennack,2+2,Coord. Infraestrutura,preencher,Sala Comum,4.00,25,
EMB5855 - Legislação Profissional e Fundamentos de Engenharia de Segurança,08607,25,2,,1,08607,1,08607,1,Diego Antônio Custódio,2,Coord. Infraestrutura,preencher,Sala Comum,2.00,25,
EMB5856 - Pavimentação de Vias,08607,25,2,2,1,08607,1,08607,1,Breno Salgado Barra,2+2,Coord. Infraestrutura,preencher,Sala Comum,4.00,25,
EMB5857 - Fundações,08607,25,2,2,1,08607,1,08607,1,Marcelo Heidemann,2+2,Coord. Infraestrutura,preencher,Sala Comum,4.00,25,
EMB5858 - Túneis e Obras de Terra,09607,20,2,1,1,09607,1,09607,1,Julián Asdrubal Buriticá García,3,Coord. Infraestrutura,preencher,Sala Comum,3.00,20,
EMB5859 - Portos e Vias Navegáveis,09607,20,2,2,1,09607,1,09607,1,Helena Paula Nierwinski,2+2,Coord. Infraestrutura,preencher,Sala Comum,4.00,20,
EMB5860 - Pontes,09607,20,2,1,1,09607,1,09607,1,Anelize Borges Monteiro,3,Coord. Infraestrutura,preencher,Sala Comum,3.00,20,
EMB5861 - Ferrovias e Metrovias,09607,20,2,1,1,09607,1,09607,1,Yader Alfonso Guerrero Pérez,3,Coord. Infraestrutura,preencher,Sala Comum,3.00,20,
EMB5862 - Estruturas Metálicas e de Madeira,09607,20,2,2,1,09607,1,09607,1,Valéria Bennack,2+2,Coord. Infraestrutura,Coord. Infraestrutura,Sala Comum,4.00,20,
EMB5864 - Planejamento e Gestão do Espaço Urbano,05607,20,2,,1,05607,1,05607,1,Renata Cavion,2,Coord. Infraestrutura,Departamento,Laboratório Informática,2.00,20,
EMB5865 - Aeroportos,09607,20,1,1,1,09607,1,09607,1,Yader Alfonso Guerrero Pérez,2,Coord. Infraestrutura,preencher,Sala Comum,2.00,20,
EMB5045 - Trabalho de Conclusão de Curso,09604,15,,,1,09604,1,09604,1,Marcus Vinicius Volponi Mortean,,Coord. Ferroviária e Metroviária,preencher,,0.00,15,
EMB5046 - Estágio Curricular Obrigatório,10604,15,,,1,10604,1,10604,1,Wagner Maurício Pachekoski,,Coord. Ferroviária e Metroviária,preencher,,0.00,15,
EMB5047 - Sistemas Hidráulicos e Pneumáticos,05602,25,2,2,4,05602/06603/08604/08605,2,05602/08604,1,Yesid Ernesto Asaff Mendoza,2+2,Coord. Ferroviária e Metroviária,Coord. Ferroviária e Metroviária,Sala Comum + Laboratório Específico,1.50,25,juntar horas práticas no mesmo dia para eficiencia do uso da bancada.
EMB5047 - Sistemas Hidráulicos e Pneumáticos,06603,15,2,2,4,05602/06603/08604/08605,2,06603/08605,1,Yesid Ernesto Asaff Mendoza,2+2,Coord. Ferroviária e Metroviária,Coord. Ferroviária e Metroviária,Sala Comum + Laboratório Específico,1.00,15,
EMB5047 - Sistemas Hidráulicos e Pneumáticos,08604,10,2,2,4,05602/06603/08604/08605,2,05602/08604,1,Yesid Ernesto Asaff Mendoza,2+2,Coord. Ferroviária e Metroviária,Coord. Ferroviária e Metroviária,Sala Comum + Laboratório Específico,1.50,10,
EMB5047 - Sistemas Hidráulicos e Pneumáticos,08605,20,2,2,4,05602/06603/08604/08605,2,06603/08605,1,Yesid Ernesto Asaff Mendoza,2+2,Coord. Ferroviária e Metroviária,Coord. Ferroviária e Metroviária,Sala Comum + Laboratório Específico,1.00,20,
EMB5510 - Vagões Ferroviários e Carros Metroviários,07604,15,2,2,1,07604,1,07604,1,Regis Kovacs Scalice,2+2,Coord. Ferroviária e Metroviária,Coord. Ferroviária e Metroviária,Sala Comum,4.00,15,
EMB5517 - Manutenção Ferroviária e Metroviária II,09604,15,2,2,1,09604,1,09604,1,Regis Kovacs Scalice,2+2,Coord. Ferroviária e Metroviária,preencher,Sala Comum,4.00,15,
EMB5526 - Introdução à Engenharia Ferroviária e Metroviária,01604,25,2,,1,01604,1,01604,1,Yesid Ernesto Asaff Mendoza,2,Coord. Ferroviária e Metroviária,Coord. Ferroviária e Metroviária,Sala Comum,2.00,25,
EMB5528 - Tração Elétrica em Sistemas Metroferroviários,08604,15,2,2,1,08604,1,08604,1,Felipe Joel Zimann,2+2,Coord. Ferroviária e Metroviária,Coord. Ferroviária e Metroviária,Sala Comum,4.00,15,
EMB5529 - Locomotivas,06604,15,2,2,1,06604,1,06604,1,Marcus Vinicius Volponi Mortean,2+2,Coord. Ferroviária e Metroviária,Coord. Ferroviária e Metroviária,Sala Comum,4.00,15,
EMB5530 - Roda e Suspensão Ferroviária,07604,15,2,2,1,07604,1,07604,1,Marcus Vinicius Volponi Mortean,2+2,Coord. Ferroviária e Metroviária,preencher,Sala Comum,4.00,15,
EMB5532 - Comunicação e Sinalização Metroferroviária,07604,15,2,2,1,07604,1,07604,1,A definir,2+2,Coord. Ferroviária e Metroviária,Coord. Ferroviária e Metroviária,Sala Comum,4.00,15,A DEFINIR
EMB5535 - Via Permanente,05604,15,2,2,1,05604,1,05604,1,Yader Alfonso Guerrero Pérez,2+2,Coord. Ferroviária e Metroviária,Coord. Ferroviária e Metroviária,Sala Comum,4.00,15,
EMB5536 - Dinâmica Ferroviária e Metroviária,06604,15,2,2,1,06604,1,06604,1,Alexandre Mikowski,2+2,Coord. Ferroviária e Metroviária,preencher,Sala Comum,4.00,15,
EMB5538 - Processos de Soldagem para Engenharia Ferroviária e Metroviária,06604,15,2,2,1,06604,1,06604,1,Tiago Vieira da Cunha,2+2,Coord. Ferroviária e Metroviária,preencher,Sala Comum + Laboratório Específico,4.00,15,
EMB5054 - Relações Interpessoais nas Organizações,06601G,25,2,,1,,1,,1,Vanessa Aparecida Alves de Lima,2,Coord. BCT,preencher,Sala Comum,2.00,25,
EMB5097 - Intercâmbio I,02601,,,,1,02601,1,02601,0,A definir,,Coord. BCT,preencher,,0.00,0,
EMB5098 - Intercâmbio II,02601,,,,1,02601,1,02601,0,A definir,,Coord. BCT,preencher,,0.00,0,
EMB5200 - Trabalho de Conclusão de Curso,06601,,,,1,06601,1,06601,1,César Augusto Bortot,,Coord. BCT,Coord. BCT,,0.00,0,
EMB5045 - Trabalho de Conclusão de Curso,09603,25,,,1,09603,1,09603,1,Leonardo Moreto Elias,,Coord. Automotiva,preencher,,0.00,25,
EMB5046 - Estágio Curricular Obrigatório,10603,20,,,1,10603,1,10603,1,Antônio de Assis Brito Neto,,Coord. Automotiva,preencher,,0.00,20,
EMB5107 - Manutenção e Confiabilidade,06603,15,2,,3,04602/04606/06603,3,04602/04606/06603,1,Maurício de Campos Porath,2,Coord. Automotiva,Departamento,Sala Comum,0.67,15,
EMB5300 - Acústica Veicular,10603,25,2,,1,10603,1,10603,1,Thiago Antonio Fiorentin,2,Coord. Automotiva,preencher,Sala Comum,2.00,25,
"EMB5303 - Sistemas Veiculares I: Chassis, Suspensão, Direção",08603,25,2,2,1,08603,1,08603,1,Andrea Piga Carboni,2+2,Coord. Automotiva,Coord. Automotiva,Sala Comum,4.00,25,
EMB5304 - Motores de Combustão Interna I,07603,25,2,2,1,07603,1,07603,1,Leonel Rincon Cancino,2+2,Coord. Automotiva,Coord. Automotiva,Sala Comum + Laboratório Informática,4.00,25,
EMB5313 - Sistemas Veiculares II: Transmissão e Freio,08603,25,1,1,1,08603,1,08603,2,Sérgio Junichi Idehara,2+2,Coord. Automotiva,Coord. Automotiva,Sala Comum,2.00,12.5,
EMB5313 - Sistemas Veiculares II: Transmissão e Freio,08603,25,1,1,1,08603,1,08603,2,Thiago Antonio Fiorentin,2+2,Coord. Automotiva,Coord. Automotiva,Sala Comum,2.00,12.5,
EMB5315 - Compatibilidade Eletromagnética,09603,25,2,,1,09603,1,09603,1,Xisto Lucas Travassos Junior,2,Coord. Automotiva,Coord. Automotiva,Sala Comum,2.00,25,
EMB5316 - Dinâmica Veicular,07603,25,2,2,1,07603,1,07603,1,Thiago Antonio Fiorentin,2+2,Coord. Automotiva,Coord. Automotiva,Sala Comum,4.00,25,
EMB5317 - Aerodinâmica Veicular,09603,25,2,2,1,09603,1,09603,1,Leonel Rincon Cancino,2+2,Coord. Automotiva,Coord. Automotiva,Sala Comum + Laboratório Informática,4.00,25,
EMB5324 - Projeto de Moldes e Matrizes a Indústria Automotiva,08603,25,2,,1,08603,1,08603,1,Carlos Mauricio Sacchelli,2,Coord. Automotiva,preencher,Laboratório Informática,2.00,25,
EMB5325 - Processos de Soldagem,08603,25,2,2,1,08603,1,08603,1,Tiago Vieira da Cunha,2+2,Coord. Automotiva,Coord. Automotiva,Sala Comum + Laboratório Específico,4.00,25,
EMB5326 - Desenvolvimento de Produto Veicular,09603,25,3,,1,09603,1,09603,1,Sérgio Junichi Idehara,4,Coord. Automotiva,preencher,Laboratório Informática,3.00,25,
EMB5328 - Motores de combustão interna II,10603,20,2,,1,10603,1,10603,1,Leonel Rincon Cancino,2,Coord. Automotiva,preencher,Sala Comum,2.00,20,
EMB5351 - Introdução à Engenharia Automotiva,01603,25,2,,1,01603,1,01603,1,Modesto Hurtado Ferrer,2,Coord. Automotiva,Departamento,Sala Comum,2.00,25,
EMB5352 - Mecânica da Fratura,06603,25,2,,1,06603,1,06603,1,Andrea Piga Carboni,2,Coord. Automotiva,Departamento,Sala Comum,2.00,25,
EMB5353 - Manufatura Auxiliada por Computador,06603,25,2,,1,06603,1,06603,1,Adriano Fagali de Souza,2,Coord. Automotiva,Coord. Automotiva,Laboratório Informática,2.00,25,
EMB5355 - Materiais e Processos de Construção Veicular I,07603,25,2,,1,07603,1,07603,1,Modesto Hurtado Ferrer,2,Coord. Automotiva,preencher,Sala Comum,2.00,25,
EMB5356 - Materiais e Processos de Construção Veicular II,08603,25,2,,1,08603,1,08603,1,Wagner Maurício Pachekoski,2,Coord. Automotiva,preencher,Sala Comum,2.00,25,
EMB5357 - Gestão da qualidade Automotiva,08603,25,2,,1,08603,1,08603,1,Sueli Fischer Beckert,2,Coord. Automotiva,preencher,Sala Comum,2.00,25,
EMB5372 - Tópicos Especiais em Projeto Automotivo,10603,25,3,,1,10603,1,10603,1,Thiago Antonio Fiorentin,3,Coord. Automotiva,Coord. Automotiva,Sala Comum,3.00,25,
EMB5380 - Tópicos Especiais em Gestão automotiva,10603,20,2,,1,10603,1,10603,2,James Schipmann Eger,3,Coord. Automotiva,preencher,Laboratório Informática,2.00,10,Atribuir ao James (2 h aulas) ao Mauricio (1h aula). a Disicplina roda 100% em labortório de Informática
EMB5380 - Tópicos Especiais em Gestão automotiva,10603,20,1,,1,10603,1,10603,2,Maurício de Campos Porath,3,Coord. Automotiva,preencher,Laboratório Informática,1.00,10,Atribuir ao James (2 h aulas) ao Mauricio (1h aula). a Disicplina roda 100% em labortório de Informática
EMB5384 - Tópicos Especiais em Elétrica e Eletrônica Automotiva,10603,20,2,1,1,10603,1,10603,1,Xisto Lucas Travassos Junior,,Coord. Automotiva,preencher,Sala Comum + Laboratório Específico,3.00,20,
EMB5385 - Controle Estatístico da Qualidade,10603,20,2,1,1,10603,1,10603,1,Sueli Fischer Beckert,3,Coord. Automotiva,preencher,Laboratório Informática,3.00,20,
EMB5386 - Refrigeração e Condicionamento de Ar,10603,25,3,,1,10603,1,10603,1,Diogo Lôndero da Silva,3,Coord. Automotiva,preencher,Sala Comum,3.00,25,
EMB5009 - Termodinâmica,03602,25,2,2,2,03602/03603,2,03602/03603,1,Fabiano Gilberto Wolf,2+2,Coord. Aeroespacial,Departamento,Sala Comum,2.00,25,
EMB5009 - Termodinâmica,03603,25,2,2,2,03602/03603,2,03602/03603,1,Fabiano Gilberto Wolf,2+2,Coord. Aeroespacial,Departamento,Sala Comum,2.00,25,
EMB5009 - Termodinâmica,03604,25,2,2,2,03604/03606,2,03604/03606,1,Fabiano Gilberto Wolf,2+2,Coord. Aeroespacial,Departamento,Sala Comum,2.00,25,
EMB5009 - Termodinâmica,03606,25,2,2,2,03604/03606,2,03604/03606,1,Fabiano Gilberto Wolf,2+2,Coord. Aeroespacial,Departamento,Sala Comum,2.00,25,
EMB5017 - Mecânica dos Fluidos,04602,25,2,2,4,04602/04604/04603/04606,4,04602/04604/04603/04606,1,Ernane Silva,2+2,Coord. Aeroespacial,Departamento,Sala Comum,0.80,25,
EMB5017 - Mecânica dos Fluidos,04603,25,2,2,4,04602/04604/04603/04606,4,04602/04604/04603/04606,1,Ernane Silva,2+2,Coord. Aeroespacial,Departamento,Sala Comum,0.80,25,
EMB5017 - Mecânica dos Fluidos,04604,25,2,2,4,04602/04604/04603/04606,4,04602/04604/04603/04606,1,Ernane Silva,2+2,Coord. Aeroespacial,Departamento,Sala Comum,0.80,25,
EMB5017 - Mecânica dos Fluidos,04606,25,2,2,4,04602/04604/04603/04606,4,04602/04604/04603/04606,1,Ernane Silva,2+2,Coord. Aeroespacial,Departamento,Sala Comum,0.80,25,
EMB5017 - Mecânica dos Fluidos,04601G,50,2,2,1,04601G,1,04601G,1,Renato Oba,2+2,Coord. Aeroespacial,Departamento,Sala Comum,4.00,50,
EMB5040 - Fenômenos de Transporte,05605,25,2,2,3,04607/05605/05608,3,04607/05605/05608,1,Marcus Vinicius Volponi Mortean,2+2,Coord. Aeroespacial,preencher,Sala Comum,1.33,25,
EMB5040 - Fenômenos de Transporte,04607,30,2,2,3,04607/05605/05608,3,04607/05605/05608,1,Marcus Vinicius Volponi Mortean,2+2,Coord. Aeroespacial,preencher,Sala Comum,1.33,30,
EMB5040 - Fenômenos de Transporte,05608,30,2,2,3,04607/05605/05608,3,04607/05605/05608,1,Marcus Vinicius Volponi Mortean,2+2,Coord. Aeroespacial,preencher,Sala Comum,1.33,30,
EMB5045 - Trabalho de Conclusão de Curso,10602,25,,,1,10602,1,10602,0,A definir,,Coord. Aeroespacial,preencher,,0.00,0,
EMB5046 - Estágio Curricular Obrigatório,10602,25,,,1,10602,1,10602,0,A definir,,Coord. Aeroespacial,preencher,,0.00,0,
EMB5103 - Transmissão de Calor I,05602,25,2,2,2,05602/05603,2,05602/05603,1,Rafael de Camargo Catapan,2+2,Coord. Aeroespacial,Departamento,Sala Comum,2.00,25,
EMB5103 - Transmissão de Calor I,05603,25,2,2,2,05602/05603,2,05602/05603,1,Rafael de Camargo Catapan,2+2,Coord. Aeroespacial,Departamento,Sala Comum,2.00,25,
EMB5103 - Transmissão de Calor I,05604,25,2,2,2,05604/05606,2,05604/05606,1,Renato Oba,2+2,Coord. Aeroespacial,Departamento,Sala Comum,2.00,25,
EMB5103 - Transmissão de Calor I,05606,25,2,2,2,05604/05606,2,05604/05606,1,Renato Oba,2+2,Coord. Aeroespacial,Departamento,Sala Comum,2.00,25,
EMB5106 - Máquinas de Fluxo e Propulsão,07602,25,2,2,1,07602,1,07602,1,Talita Sauter Possamai,2+2,Coord. Aeroespacial,Departamento,Sala Comum,4.00,25,
EMB5401 - Estruturas Aeroespaciais,07602,40,2,2,1,07602,1,07602,1,Marcos Alves Rabelo,2+2,Coord. Aeroespacial,Coord. Aeroespacial,Sala Comum,4.00,40,
EMB5405 - Mecânica do Vôo,07602,40,2,2,1,07602,1,07602,1,Antônio Otaviano Dourado,2+2,Coord. Aeroespacial,Coord. Aeroespacial,Sala Comum,4.00,40,
EMB5406 - Introdução à Engenharia Aeroespacial,01602,40,2,,1,01602,1,01602,1,Juan Pablo de Lima Costa Salazar,2,Coord. Aeroespacial,Coord. Aeroespacial,Sala Comum,2.00,40,
EMB5407 - Ambiente Espacial,05602,40,2,,1,05602,1,05602,1,Helton da Silva Gaspar,2,Coord. Aeroespacial,Coord. Aeroespacial,Sala Comum,2.00,40,
EMB5410 - Mecânica do Vôo Espacial,08602,40,2,2,1,08602,1,08602,1,Helton da Silva Gaspar,2+2,Coord. Aeroespacial,Coord. Aeroespacial,Sala Comum,4.00,40,
EMB5411 - Mecânica dos Sólidos Computacional,08602,40,2,2,1,08602,1,08602,1,Marcos Alves Rabelo,2+2,Coord. Aeroespacial,Coord. Aeroespacial,Sala Comum,4.00,40,
EMB5412 - Propulsão Aeroespacial I,08602,40,2,2,1,08602,1,08602,1,Talita Sauter Possamai,2+2,Coord. Aeroespacial,Coord. Aeroespacial,Sala Comum,4.00,40,
EMB5413 - Mecânica dos Fluidos Computacional,08602,40,2,2,1,08602,1,08602,1,Ernane Silva,2+2,Coord. Aeroespacial,Coord. Aeroespacial,Sala Comum,4.00,40,
EMB5414 - Propulsão Aeroespacial II,09602,40,2,2,1,09602,1,09602,1,Juan Pablo de Lima Costa Salazar,2+2,Coord. Aeroespacial,Coord. Aeroespacial,Sala Comum,4.00,40,
EMB5415 - Propulsão Aeroespacial III,09602,40,2,2,1,09602,1,09602,1,Eduardo de Carli da Silva,2+2,Coord. Aeroespacial,Coord. Aeroespacial,Sala Comum,4.00,40,
EMB5416 - Engenharia de Veículos Aeroespaciais,09602,40,2,2,1,09602,1,09602,1,Rafael Gigena Cuenca,2+2,Coord. Aeroespacial,Coord. Aeroespacial,Sala Comum,4.00,40,
EMB5418 - Aerotermodinâmica e Hipersônica,08602,40,2,2,1,08602,1,08602,1,Juan Pablo de Lima Costa Salazar,2+2,Coord. Aeroespacial,Coord. Aeroespacial,Sala Comum,4.00,40,
EMB5423 - Aerodinâmica,05602,40,2,2,1,05602,1,05602,1,Rafael Gigena Cuenca,2+2,Coord. Aeroespacial,Coord. Aeroespacial,Sala Comum,4.00,40,
EMB5424 - Acústica para Engenharia Aeroespacial,08602,40,2,2,1,08602,1,08602,1,Filipe Dutra da Silva,2+2,Coord. Aeroespacial,preencher,Sala Comum,4.00,40,
EMB5425 - Engenharia de Plataformas Orbitais,09602,40,2,2,1,09602,1,09602,1,Kleber Vieira de Paiva,2+2,Coord. Aeroespacial,preencher,Sala Comum,4.00,40,
EMB5431 - Fundamentos de Combustão,07602,25,2,2,2,06603/07602,2,06603/07602,1,Rafael de Camargo Catapan,2+2,Coord. Aeroespacial,preencher,Sala Comum,2.00,25,
EMB5431 - Fundamentos de Combustão,06603,25,2,2,2,06603/07602,2,06603/07602,1,Rafael de Camargo Catapan,2+2,Coord. Aeroespacial,preencher,Sala Comum,2.00,25,
EMB5433 - Transferência de Calor II,06602,40,3,,1,06602,1,06602,1,Kleber Vieira de Paiva,3,Coord. Aeroespacial,Coord. Aeroespacial,Sala Comum,3.00,40,
EMB5436 - Escoamento Compressíveis,06602,40,2,2,1,06602,1,06602,1,Renato Oba,2+2,Coord. Aeroespacial,preencher,Sala Comum,4.00,40,
EMB5443 - Estágio Curricular Obrigatório I,10602,,,,1,10602,1,10602,1,Roberto Simoni,,Coord. Aeroespacial,preencher,,0.00,0,
EMB5444 - Estágio Curricular Obrigatório II,10602,,,,1,10602,1,10602,1,Roberto Simoni,,Coord. Aeroespacial,preencher,,0.00,0,
EMB5001 - Cálculo Diferencial e Integral I,01601,30,2,2,2,01601/01604,2,01601/01604,1,Alexandre Mikowski,2+2,Área da Matemática,Departamento,Sala Comum,2.00,30,
EMB5001 - Cálculo Diferencial e Integral I,01602,25,2,2,2,01602/01605,2,01602/01605,1,Rafael Machado Casali,2+2,Área da Matemática,Departamento,Sala Comum,2.00,25,
EMB5001 - Cálculo Diferencial e Integral I,01603,25,2,2,2,01603/01606,2,01603/01606,1,Victor Simões Barbosa,2+2,Área da Matemática,Departamento,Sala Comum,2.00,25,
EMB5001 - Cálculo Diferencial e Integral I,01604,20,2,2,2,01601/01604,2,01601/01604,1,Alexandre Mikowski,2+2,Área da Matemática,Departamento,Sala Comum,2.00,20,
EMB5001 - Cálculo Diferencial e Integral I,01605,25,2,2,2,01602/01605,2,01602/01605,1,Rafael Machado Casali,2+2,Área da Matemática,Departamento,Sala Comum,2.00,25,
EMB5001 - Cálculo Diferencial e Integral I,01606,25,2,2,2,01603/01606,2,01603/01606,1,Victor Simões Barbosa,2+2,Área da Matemática,Departamento,Sala Comum,2.00,25,
EMB5001 - Cálculo Diferencial e Integral I,01607,25,2,2,2,01607/01608,2,01607/01608,1,Alexandre Mikowski,2+2,Área da Matemática,Departamento,Sala Comum,2.00,25,
EMB5001 - Cálculo Diferencial e Integral I,01608,25,2,2,2,01607/01608,2,01607/01608,1,Alexandre Mikowski,2+2,Área da Matemática,Departamento,Sala Comum,2.00,25,
EMB5001 - Cálculo Diferencial e Integral I,99601G,50,2,2,1,99601G,1,99601G,1,Thales Maier de Souza,2+2,Área da Matemática,Departamento,Sala Comum,4.00,50,
EMB5005 - Geometria Analítica,01601,30,2,2,2,01601/01604,2,01601/01604,1,Leonardo Moreto Elias,2+2,Área da Matemática,Departamento,Sala Comum,2.00,30,
EMB5005 - Geometria Analítica,01602,25,2,2,2,01602/01605,2,01602/01605,1,Marielle Aparecida Silva,2+2,Área da Matemática,Departamento,Sala Comum,2.00,25,
EMB5005 - Geometria Analítica,01603,25,2,2,2,01603/01606,2,01603/01606,1,Marielle Aparecida Silva,2+2,Área da Matemática,Departamento,Sala Comum,2.00,25,
EMB5005 - Geometria Analítica,01604,20,2,2,2,01601/01604,2,01601/01604,1,Leonardo Moreto Elias,2+2,Área da Matemática,Departamento,Sala Comum,2.00,20,
EMB5005 - Geometria Analítica,01605,25,2,2,2,01602/01605,2,01602/01605,1,Marielle Aparecida Silva,2+2,Área da Matemática,Departamento,Sala Comum,2.00,25,
EMB5005 - Geometria Analítica,01606,25,2,2,2,01603/01606,2,01603/01606,1,Marielle Aparecida Silva,2+2,Área da Matemática,Departamento,Sala Comum,2.00,25,
EMB5005 - Geometria Analítica,01607,25,2,2,2,01607/01608,2,01607/01608,1,Luiz Gustavo Cordeiro,2+2,Área da Matemática,Departamento,Sala Comum,2.00,25,
EMB5005 - Geometria Analítica,01608,25,2,2,2,01607/01608,2,01607/01608,1,Luiz Gustavo Cordeiro,2+2,Área da Matemática,Departamento,Sala Comum,2.00,25,
EMB5005 - Geometria Analítica,99601G,50,2,2,1,99601G,1,99601G,1,Leonardo Moreto Elias,2+2,Área da Matemática,Departamento,Sala Comum,4.00,50,
EMB5007 - Álgebra Linear,02601,20,2,2,2,02601/02604,2,02601/02604,1,Marielle Aparecida Silva,2+2,Área da Matemática,Departamento,Sala Comum,2.00,20,
EMB5007 - Álgebra Linear,02602,25,2,2,2,02602/02605,2,02602/02605,1,Susie Cristine Keller,2+2,Área da Matemática,Departamento,Sala Comum,2.00,25,
EMB5007 - Álgebra Linear,02603,25,2,2,2,02603/02606,2,02603/02606,1,Susie Cristine Keller,2+2,Área da Matemática,Departamento,Sala Comum,2.00,25,
EMB5007 - Álgebra Linear,02604,25,2,2,2,02601/02604,2,02601/02604,1,Marielle Aparecida Silva,2+2,Área da Matemática,Departamento,Sala Comum,2.00,25,
EMB5007 - Álgebra Linear,02605,25,2,2,2,02602/02605,2,02602/02605,1,Susie Cristine Keller,2+2,Área da Matemática,Departamento,Sala Comum,2.00,25,
EMB5007 - Álgebra Linear,02606,25,2,2,2,02603/02606,2,02603/02606,1,Susie Cristine Keller,2+2,Área da Matemática,Departamento,Sala Comum,2.00,25,
EMB5007 - Álgebra Linear,02607,25,2,2,2,02607/02608,2,02607/02608,1,Rafael Machado Casali,2+2,Área da Matemática,Departamento,Sala Comum,2.00,25,
EMB5007 - Álgebra Linear,02608,25,2,2,2,02607/02608,2,02607/02608,1,Rafael Machado Casali,2+2,Área da Matemática,Departamento,Sala Comum,2.00,25,
EMB5014 - Séries e Equações Diferenciais,04601,20,2,2,3,04601/04602/04604,3,04601/04602/04604,1,Diogo Nardelli Siebert,2+2,Área da Matemática,Departamento,Sala Comum,1.33,20,
EMB5014 - Séries e Equações Diferenciais,04602,25,2,2,3,04601/04602/04604,3,04601/04602/04604,1,Diogo Nardelli Siebert,2+2,Área da Matemática,Departamento,Sala Comum,1.33,25,
EMB5014 - Séries e Equações Diferenciais,04603,25,2,2,2,04603/04606,2,04603/04606,1,Diogo Lôndero da Silva,2+2,Área da Matemática,Departamento,Sala Comum,2.00,25,
EMB5014 - Séries e Equações Diferenciais,04604,20,2,2,3,04601/04602/04604,3,04601/04602/04604,1,Diogo Nardelli Siebert,2+2,Área da Matemática,Departamento,Sala Comum,1.33,20,
EMB5014 - Séries e Equações Diferenciais,04605,25,2,2,3,04605/04607/04608,3,04605/04607/04608,1,Diogo Lôndero da Silva,2+2,Área da Matemática,Departamento,Sala Comum,1.33,25,
EMB5014 - Séries e Equações Diferenciais,04606,25,2,2,2,04603/04606,2,04603/04606,1,Diogo Lôndero da Silva,2+2,Área da Matemática,Departamento,Sala Comum,2.00,25,
EMB5014 - Séries e Equações Diferenciais,04607,25,2,2,3,04605/04607/04608,3,04605/04607/04608,1,Diogo Lôndero da Silva,2+2,Área da Matemática,Departamento,Sala Comum,1.33,25,
EMB5014 - Séries e Equações Diferenciais,04608,25,2,2,3,04605/04607/04608,3,04605/04607/04608,1,Diogo Lôndero da Silva,2+2,Área da Matemática,Departamento,Sala Comum,1.33,25,
EMB5014 - Séries e Equações Diferenciais,04601G,50,2,2,1,04601G,1,04601G,1,Thales Maier de Souza,2+2,Área da Matemática,Departamento,Sala Comum,4.00,50,
EMB5016 - Cálculo Numérico,03601,20,2,2,3,03601/03605/03601G,3,03601/03605/03601G,1,Luiz Gustavo Cordeiro,2+2,Área da Matemática,Departamento,Sala Comum + Laboratório Informática,1.33,20,
EMB5016 - Cálculo Numérico,03602,25,2,2,4,03602/03603/03604/03606,2,03602/03604,1,Diogo Nardelli Siebert,2+2,Área da Matemática,Departamento,Sala Comum + Laboratório Informática,1.50,25,
EMB5016 - Cálculo Numérico,03603,25,2,2,4,03602/03603/03604/03606,2,03603/03606,1,Diogo Nardelli Siebert,2+2,Área da Matemática,Departamento,Sala Comum + Laboratório Informática,1.00,25,
EMB5016 - Cálculo Numérico,03604,20,2,2,4,03602/03603/03604/03606,2,03602/03604,1,Diogo Nardelli Siebert,2+2,Área da Matemática,Departamento,Sala Comum + Laboratório Informática,1.50,20,
EMB5016 - Cálculo Numérico,03605,20,2,2,3,03601/03605/03601G,3,03601/03605/03601G,1,Luiz Gustavo Cordeiro,2+2,Área da Matemática,Departamento,Sala Comum + Laboratório Informática,1.33,20,
EMB5016 - Cálculo Numérico,03606,25,2,2,4,03602/03603/03604/03606,2,03603/03606,1,Diogo Nardelli Siebert,2+2,Área da Matemática,Departamento,Sala Comum + Laboratório Informática,1.00,25,
EMB5016 - Cálculo Numérico,03607,25,2,2,2,03607/03608,2,03607/03608,1,Alexandre Miers Zabot,2+2,Área da Matemática,Departamento,Sala Comum + Laboratório Informática,2.00,25,
EMB5016 - Cálculo Numérico,03608,25,2,2,2,03607/03608,2,03607/03608,1,Alexandre Miers Zabot,2+2,Área da Matemática,Departamento,Sala Comum + Laboratório Informática,2.00,25,
EMB5016 - Cálculo Numérico,03601G,10,2,2,3,03601/03605/03601G,3,03601/03605/03601G,1,Luiz Gustavo Cordeiro,2+2,Área da Matemática,Departamento,Sala Comum + Laboratório Informática,1.33,10,
EMB5029 - Cálculo Diferencial e Integral II,02601,25,2,2,2,02601/02604,2,02601/02604,1,César Augusto Bortot,2+2,Área da Matemática,Departamento,Sala Comum,2.00,25,
EMB5029 - Cálculo Diferencial e Integral II,02602,20,2,2,2,02602/02605,2,02602/02605,1,Leonardo Moreto Elias,2+2,Área da Matemática,Departamento,Sala Comum,2.00,20,
EMB5029 - Cálculo Diferencial e Integral II,02603,25,2,2,2,02603/02606,2,02603/02606,1,Marielle Aparecida Silva,2+2,Área da Matemática,Departamento,Sala Comum,2.00,25,
EMB5029 - Cálculo Diferencial e Integral II,02604,20,2,2,2,02601/02604,2,02601/02604,1,César Augusto Bortot,2+2,Área da Matemática,Departamento,Sala Comum,2.00,20,
EMB5029 - Cálculo Diferencial e Integral II,02605,25,2,2,2,02602/02605,2,02602/02605,1,Leonardo Moreto Elias,2+2,Área da Matemática,Departamento,Sala Comum,2.00,25,
EMB5029 - Cálculo Diferencial e Integral II,02606,25,2,2,2,02603/02606,2,02603/02606,1,Marielle Aparecida Silva,2+2,Área da Matemática,Departamento,Sala Comum,2.00,25,
EMB5029 - Cálculo Diferencial e Integral II,02607,25,2,2,2,02607/02608,2,02607/02608,1,César Augusto Bortot,2+2,Área da Matemática,Departamento,Sala Comum,2.00,25,
EMB5029 - Cálculo Diferencial e Integral II,02608,25,2,2,2,02607/02608,2,02607/02608,1,César Augusto Bortot,2+2,Área da Matemática,Departamento,Sala Comum,2.00,25,
EMB5030 - Cálculo Vetorial,03601,20,2,2,3,03601/03605/03608,3,03601/03605/03608,1,Roberto Simoni,2+2,Área da Matemática,Departamento,Sala Comum,1.33,20,
EMB5030 - Cálculo Vetorial,03602,25,2,2,3,03602/03603/03606,3,03602/03603/03606,1,Victor Simões Barbosa,2+2,Área da Matemática,Departamento,Sala Comum,1.33,25,
EMB5030 - Cálculo Vetorial,03603,25,2,2,3,03602/03603/03606,3,03602/03603/03606,1,Victor Simões Barbosa,2+2,Área da Matemática,Departamento,Sala Comum,1.33,25,
EMB5030 - Cálculo Vetorial,03604,25,2,2,2,03604/03607,2,03604/03607,1,Romulo Alberto Castillo Cardenas,2+2,Área da Matemática,Departamento,Sala Comum,2.00,25,
EMB5030 - Cálculo Vetorial,03605,20,2,2,3,03601/03605/03608,3,03601/03605/03608,1,Roberto Simoni,2+2,Área da Matemática,Departamento,Sala Comum,1.33,20,
EMB5030 - Cálculo Vetorial,03606,25,2,2,3,03602/03603/03606,3,03602/03603/03606,1,Victor Simões Barbosa,2+2,Área da Matemática,Departamento,Sala Comum,1.33,25,
EMB5030 - Cálculo Vetorial,03607,25,2,2,2,03604/03607,2,03604/03607,1,Romulo Alberto Castillo Cardenas,2+2,Área da Matemática,Departamento,Sala Comum,2.00,25,
EMB5030 - Cálculo Vetorial,03608,25,2,2,3,03601/03605/03608,3,03601/03605/03608,1,Roberto Simoni,2+2,Área da Matemática,Departamento,Sala Comum,1.33,25,
EMB5011 - Estática,03601,20,2,2,3,03601/03605/03608,3,03601/03605/03608,1,Rafael Gallina Delatorre,2+2,Área da Física,Departamento,Sala Comum,1.33,20,
EMB5011 - Estática,03602,25,2,2,3,03602/03603/03606,3,03602/03603/03606,1,Luis Orlando Emerich dos Santos,2+2,Área da Física,Departamento,Sala Comum,1.33,25,
EMB5011 - Estática,03603,30,2,2,3,03602/03603/03606,3,03602/03603/03606,1,Luis Orlando Emerich dos Santos,2+2,Área da Física,Departamento,Sala Comum,1.33,30,
EMB5011 - Estática,03604,25,2,2,2,03604/03607,2,03604/03607,1,Luis Orlando Emerich dos Santos,2+2,Área da Física,Departamento,Sala Comum,2.00,25,
EMB5011 - Estática,03605,20,2,2,3,03601/03605/03608,3,03601/03605/03608,1,Rafael Gallina Delatorre,2+2,Área da Física,Departamento,Sala Comum,1.33,20,
EMB5011 - Estática,03606,30,2,2,3,03602/03603/03606,3,03602/03603/03606,1,Luis Orlando Emerich dos Santos,2+2,Área da Física,Departamento,Sala Comum,1.33,30,
EMB5011 - Estática,03607,25,2,2,2,03604/03607,2,03604/03607,1,Luis Orlando Emerich dos Santos,2+2,Área da Física,Departamento,Sala Comum,2.00,25,
EMB5011 - Estática,03608,30,2,2,3,03601/03605/03608,3,03601/03605/03608,1,Rafael Gallina Delatorre,2+2,Área da Física,Departamento,Sala Comum,1.33,30,
EMB5034 - Física I,01601,30,2,2,2,01601/01604,2,01601/01604,1,João Carlos Xavier,2+2,Área da Física,Departamento,Sala Comum,2.00,30,
EMB5034 - Física I,01602,25,2,2,2,01602/01605,2,01602/01605,1,Fátima Araujo Machado,2+2,Área da Física,Departamento,Sala Comum,2.00,25,
EMB5034 - Física I,01603,25,2,2,2,01603/01606,2,01603/01606,1,João Carlos Xavier,2+2,Área da Física,Departamento,Sala Comum,2.00,25,
EMB5034 - Física I,01604,20,2,2,2,01601/01604,2,01601/01604,1,João Carlos Xavier,2+2,Área da Física,Departamento,Sala Comum,2.00,20,
EMB5034 - Física I,01605,25,2,2,2,01602/01605,2,01602/01605,1,Fátima Araujo Machado,2+2,Área da Física,Departamento,Sala Comum,2.00,25,
EMB5034 - Física I,01606,25,2,2,2,01603/01606,2,01603/01606,1,João Carlos Xavier,2+2,Área da Física,Departamento,Sala Comum,2.00,25,
EMB5034 - Física I,01607,25,2,2,2,01607/01608,2,01607/01608,1,Fátima Araujo Machado,2+2,Área da Física,Departamento,Sala Comum,2.00,25,
EMB5034 - Física I,01608,25,2,2,2,01607/01608,2,01607/01608,1,Fátima Araujo Machado,2+2,Área da Física,Departamento,Sala Comum,2.00,25,
EMB5034 - Física I,99601G,65,2,2,1,99601G,1,99601G,1,Alexandre Miers Zabot,2+2,Área da Física,Departamento,Sala Comum,4.00,65,
EMB5039 - Física II,02601,20,2,2,3,02601/02602/02604,3,02601/02602/02604,1,Maria Simone Kugeratski Souza,2+2,Área da Física,Departamento,Sala Comum,1.33,20,
EMB5039 - Física II,02602,20,2,2,3,02601/02602/02604,3,02601/02602/02604,1,Maria Simone Kugeratski Souza,2+2,Área da Física,Departamento,Sala Comum,1.33,20,
EMB5039 - Física II,02603,25,2,2,2,02603/02605,2,02603/02605,1,Rafael Gallina Delatorre,2+2,Área da Física,Departamento,Sala Comum,2.00,25,
EMB5039 - Física II,02604,25,2,2,3,02601/02602/02604,3,02601/02602/02604,1,Maria Simone Kugeratski Souza,2+2,Área da Física,Departamento,Sala Comum,1.33,25,
EMB5039 - Física II,02605,25,2,2,2,02603/02605,2,02603/02605,1,Rafael Gallina Delatorre,2+2,Área da Física,Departamento,Sala Comum,2.00,25,
EMB5039 - Física II,02606,25,2,2,3,02606/02607/02608,3,02606/02607/02608,1,Maria Simone Kugeratski Souza,2+2,Área da Física,Departamento,Sala Comum,1.33,25,
EMB5039 - Física II,02607,25,2,2,3,02606/02607/02608,3,02606/02607/02608,1,Maria Simone Kugeratski Souza,2+2,Área da Física,Departamento,Sala Comum,1.33,25,
EMB5039 - Física II,02608,25,2,2,3,02606/02607/02608,3,02606/02607/02608,1,Maria Simone Kugeratski Souza,2+2,Área da Física,Departamento,Sala Comum,1.33,25,
EMB5041 - Dinâmica,04602,20,2,1,3,04602/04604/04607,3,04602/04604/04607,1,Helton da Silva Gaspar,2+1,Área da Física,Departamento,Sala Comum,1.00,20,
EMB5041 - Dinâmica,04603,30,2,1,3,04603/04605/04606,3,04603/04605/04606,1,Luis Orlando Emerich dos Santos,2+1,Área da Física,Departamento,Sala Comum,1.00,20,
EMB5041 - Dinâmica,04604,25,2,1,3,04602/04604/04607,3,04602/04604/04607,1,Helton da Silva Gaspar,2+1,Área da Física,Departamento,Sala Comum,1.00,20,
EMB5041 - Dinâmica,04605,20,2,1,3,04603/04605/04606,3,04603/04605/04606,1,Luis Orlando Emerich dos Santos,2+1,Área da Física,Departamento,Sala Comum,1.00,20,
EMB5041 - Dinâmica,04606,20,2,1,3,04603/04605/04606,3,04603/04605/04606,1,Luis Orlando Emerich dos Santos,2+1,Área da Física,Departamento,Sala Comum,1.00,20,
EMB5041 - Dinâmica,04607,15,2,1,3,04602/04604/04607,3,04602/04604/04607,1,Helton da Silva Gaspar,2+1,Área da Física,Departamento,Sala Comum,1.00,20,
EMB5043 - Física III,04608,15,2,2,3,04605/04607/04608,3,04605/04607/04608,1,Diego Alexandre Duarte,2+2,Área da Física,Departamento,Sala Comum,1.00,20,
EMB5043 - Física III,04605,20,2,2,3,04605/04607/04608,3,04605/04607/04608,1,Diego Alexandre Duarte,2+2,Área da Física,Departamento,Sala Comum,1.00,20,
EMB5043 - Física III,04607,15,2,2,3,04605/04607/04608,3,04605/04607/04608,1,Diego Alexandre Duarte,2+2,Área da Física,Departamento,Sala Comum,1.00,20,
EMB5043 - Física III,04606,20,2,2,2,03603/04606,2,03603/04606,1,João Carlos Xavier,2+2,Área da Física,Departamento,Sala Comum,1.00,20,
EMB5043 - Física III,04601,15,2,2,3,04601/04602/04604,3,04601/04602/04604,1,Diego Alexandre Duarte,2+2,Área da Física,Departamento,Sala Comum,1.00,20,
EMB5043 - Física III,04602,20,2,2,3,04601/04602/04604,3,04601/04602/04604,1,Diego Alexandre Duarte,2+2,Área da Física,Departamento,Sala Comum,1.00,20,
EMB5043 - Física III,04604,15,2,2,3,04601/04602/04604,3,04601/04602/04604,1,Diego Alexandre Duarte,2+2,Área da Física,Departamento,Sala Comum,1.00,20,
EMB5043 - Física III,03603,20,2,2,2,03603/04606,2,03603/04606,1,João Carlos Xavier,2+2,Área da Física,Departamento,Sala Comum,1.00,20,
